-- phpMyAdmin SQL Dump
-- version 5.2.1
-- https://www.phpmyadmin.net/
--
-- Host: 127.0.0.1
-- Generation Time: Feb 22, 2024 at 09:45 PM
-- Server version: 10.4.28-MariaDB
-- PHP Version: 8.2.4

SET SQL_MODE = "NO_AUTO_VALUE_ON_ZERO";
START TRANSACTION;
SET time_zone = "+00:00";


/*!40101 SET @OLD_CHARACTER_SET_CLIENT=@@CHARACTER_SET_CLIENT */;
/*!40101 SET @OLD_CHARACTER_SET_RESULTS=@@CHARACTER_SET_RESULTS */;
/*!40101 SET @OLD_COLLATION_CONNECTION=@@COLLATION_CONNECTION */;
/*!40101 SET NAMES utf8mb4 */;

--
-- Database: `buffalo_db`
--

-- --------------------------------------------------------

--
-- Table structure for table `bills`
--

CREATE TABLE `bills` (
  `id` int(11) NOT NULL,
  `date` date NOT NULL,
  `name` varchar(255) NOT NULL,
  `amount` decimal(19,2) NOT NULL
) ENGINE=InnoDB DEFAULT CHARSET=utf8mb4 COLLATE=utf8mb4_general_ci;

--
-- Dumping data for table `bills`
--

INSERT INTO `bills` (`id`, `date`, `name`, `amount`) VALUES
(1, '2024-02-01', 'Electric bill', 13000.00),
(2, '2024-02-02', 'Water bill', 750.00);

-- --------------------------------------------------------

--
-- Table structure for table `bom`
--

CREATE TABLE `bom` (
  `BOMID` int(11) NOT NULL,
  `ProductID` int(11) DEFAULT NULL,
  `RawMaterialID` int(11) DEFAULT NULL,
  `QuantityRequired` decimal(19,3) DEFAULT NULL,
  `qty_unit` text DEFAULT NULL
) ENGINE=InnoDB DEFAULT CHARSET=utf8mb4 COLLATE=utf8mb4_general_ci;

--
-- Dumping data for table `bom`
--

INSERT INTO `bom` (`BOMID`, `ProductID`, `RawMaterialID`, `QuantityRequired`, `qty_unit`) VALUES
(38, 102, 201, 375.000, 'g'),
(39, 102, 202, 50.000, 'g'),
(40, 102, 203, 250.000, 'g'),
(41, 102, 204, 28.300, 'g'),
(42, 102, 205, 2000.000, 'ml'),
(43, 102, 206, 3000.000, 'ml'),
(47, 104, 201, 350.000, 'g'),
(48, 104, 202, 40.000, 'ml'),
(49, 104, 203, 225.000, 'g'),
(50, 104, 204, 28.300, 'g'),
(51, 104, 205, 2000.000, 'ml'),
(52, 104, 206, 3000.000, 'ml'),
(53, 105, 201, 350.000, 'g'),
(54, 105, 202, 45.000, 'ml'),
(55, 105, 203, 225.000, 'g'),
(56, 105, 204, 28.300, 'g'),
(57, 105, 205, 2000.000, 'ml'),
(58, 105, 206, 3000.000, 'ml'),
(65, 107, 201, 350.000, 'g'),
(66, 107, 202, 40.000, 'ml'),
(67, 107, 203, 225.000, 'g'),
(68, 107, 204, 28.300, 'g'),
(69, 107, 205, 2000.000, 'ml'),
(70, 107, 206, 3000.000, 'ml'),
(71, 108, 201, 350.000, 'g'),
(72, 108, 202, 35.000, 'ml'),
(73, 108, 203, 225.000, 'g'),
(74, 108, 204, 28.300, 'g'),
(75, 108, 205, 2000.000, 'ml'),
(76, 108, 206, 3000.000, 'ml'),
(77, 109, 205, 2000.000, 'ml'),
(78, 109, 207, 6.000, 'g'),
(79, 109, 208, 20.000, 'g'),
(80, 109, 206, 1000.000, 'ml'),
(81, 110, 205, 2000.000, 'ml'),
(82, 110, 204, 28.300, 'g'),
(83, 110, 201, 100.000, 'g'),
(84, 111, 205, 4500.000, 'ml'),
(85, 111, 210, 10500.000, 'g'),
(86, 111, 201, 3000.000, 'g'),
(87, 111, 203, 7725.000, 'g'),
(88, 111, 206, 124275.000, 'g');

-- --------------------------------------------------------

--
-- Table structure for table `carabaos`
--

CREATE TABLE `carabaos` (
  `id` int(11) NOT NULL,
  `name` varchar(255) NOT NULL,
  `age` int(11) DEFAULT NULL,
  `gender` varchar(10) NOT NULL,
  `member_id` int(11) DEFAULT NULL
) ENGINE=InnoDB DEFAULT CHARSET=utf8mb4 COLLATE=utf8mb4_general_ci;

--
-- Dumping data for table `carabaos`
--

INSERT INTO `carabaos` (`id`, `name`, `age`, `gender`, `member_id`) VALUES
(2, '2WVC17001', 7, 'Female', 1),
(4, '6WVC18017', 7, 'FEMALE', 2),
(5, '5WVC14026', 3, 'FEMALE', 2),
(12, '5WVC11402', 5, 'FEMALE', 10),
(13, '2WVC17009', 5, 'FEMALE', 10),
(14, '5WVC22027', 12, 'Male', 3),
(15, '5WVC22078', 0, 'Female', 3),
(16, '6WVC19021', 0, 'Female', 3),
(17, '2WVC12002', 1, 'FEMALE', 7),
(21, '4', 0, 'Female', 15),
(22, 'PM', 0, 'Female', 15),
(23, '5WVC11488', 0, 'Female', 12),
(24, '2', 9, 'Male', 29),
(25, '5WVC1017', 0, 'Female', 17),
(26, '5WVC17106', 0, 'Female', 14),
(27, '5WVC17108', 0, 'Female', 14),
(28, '5WVC19011', 10, 'Female', 23),
(29, '2WVC17001(2)', 0, 'Female', 25),
(30, '3', 9, 'Female', 26),
(31, '5WVC18085', 10, 'Male', 27),
(32, '5WVC17111', 0, 'Female', 20),
(33, '6WVC20030', 0, 'Female', 1),
(34, '6', 0, 'Female', 30),
(35, '5WVC19023', 0, 'Female', 13),
(37, 'WVCC01', 0, 'Male', 31);

-- --------------------------------------------------------

--
-- Table structure for table `customers`
--

CREATE TABLE `customers` (
  `CustomerID` int(11) NOT NULL,
  `Name` varchar(255) DEFAULT NULL,
  `Email` varchar(255) DEFAULT NULL,
  `Phone` varchar(20) DEFAULT NULL,
  `Address` varchar(255) DEFAULT NULL,
  `createdAt` date NOT NULL DEFAULT current_timestamp(),
  `tin` int(25) NOT NULL
) ENGINE=InnoDB DEFAULT CHARSET=utf8mb4 COLLATE=utf8mb4_general_ci;

--
-- Dumping data for table `customers`
--

INSERT INTO `customers` (`CustomerID`, `Name`, `Email`, `Phone`, `Address`, `createdAt`, `tin`) VALUES
(1, 'Customer 1', 'customer@gmail.com', '0912356789', 'Calinog, Iloilo', '2024-02-21', 1),
(2, 'Customer 2', 'customertwo@gmail.com', '0912356789', 'Calinog, Iloilo', '2024-02-21', 2),
(3, 'Customer 3', 'fjkhdsgjknb@gmail.com', '0912356789', 'Calinog, Iloilo', '2024-02-21', 9856859),
(4, 'Customer 4', 'skgkjhlk@gmail.com', '0912356789', 'Calinog, Iloilo', '2024-02-21', 600002),
(5, 'Customer 5', 'sfjhdlgkj@gmal.com', '0912356789', 'Calinog, Iloilo', '2024-02-21', 9536770),
(6, 'Customer 6', 'fkjsd@gmail.com', '0912356789', 'Calinog, Iloilo', '2024-02-21', 2376897),
(7, 'Customer 7', 'dkg@gmail.com', '0912356789', 'Calinog, Iloilo', '2024-02-21', 9872597),
(8, 'Customer 8', 'djsf@gmail.com', '93627587', 'Calinog, Iloilo', '2024-02-21', 9567503),
(9, 'Shyn Salcedo', 'jfhd@gmaiil.com', '0367597603', 'Calinog, Iloilo', '2024-02-21', 955703),
(10, 'Kyla Marie Sortigosa', 'jfhdg@gmail.com', '953765023820', 'Calinog, Iloilo', '2024-02-21', 359574969),
(11, 'Richard Marc Paredes', 'kdfh@gmail.com', '9350276597-', 'Calinog, Iloilo', '2024-02-21', 2147483647),
(12, 'Cristina Suedad', 'djskgh@gmail.com', '4937592275', 'Calinog, Iloilo', '2024-02-21', 596798378),
(13, 'Juan Dela Cruz', 'fkd@gmail.com', '39685970', 'Calinog, Iloilo', '2024-02-21', 39670546),
(14, 'Mary Hope Tabunlupa', 'kdgh@gmail.com', '385876875', 'Calinog, Iloilo', '2024-02-21', 93272601),
(15, 'Adrian Tomas', 'kfdhjg@gmail.com', '4937592275', 'Calinog, Iloilo', '2024-02-21', 2147483647),
(16, 'Jet Raven Conlu', 'jfhkg@gmail.com', '0912356789', 'ksfhsg', '2024-02-21', 39670703),
(17, 'Grace Medianero', 'dkgj@gmai.com', '025789', 'fdjghkdah', '2024-02-21', 935703679),
(18, 'Auggie Kyla Pancho', 'ksfdkshlgll@gmail.com', '39256328', 'Calinog, Iloilo', '2024-02-21', 38657396);

-- --------------------------------------------------------

--
-- Table structure for table `employee`
--

CREATE TABLE `employee` (
  `id` int(11) NOT NULL,
  `employee_id` int(11) NOT NULL,
  `name` varchar(255) NOT NULL,
  `position` varchar(100) NOT NULL,
  `day` varchar(255) NOT NULL,
  `time_in` time NOT NULL,
  `time_out` time NOT NULL,
  `labour_hours` int(11) NOT NULL,
  `salary` decimal(10,2) NOT NULL
) ENGINE=InnoDB DEFAULT CHARSET=utf8mb4 COLLATE=utf8mb4_general_ci;

--
-- Dumping data for table `employee`
--

INSERT INTO `employee` (`id`, `employee_id`, `name`, `position`, `day`, `time_in`, `time_out`, `labour_hours`, `salary`) VALUES
(1, 0, 'Lilibeth Dumdumaya', 'General Manager', 'Mon, Tues, Wed, Thurs, Fri', '08:00:00', '04:00:00', 8, 500.00),
(2, 0, 'Jennifer Renie Caro', 'General Manager Assistant', 'Mon, Tues, Wed, Thurs, Fri', '08:00:00', '04:00:00', 8, 470.00),
(3, 0, 'Guarlie Caro', 'Treasurer', 'Mon, Tues, Wed, Thurs, Fri', '08:00:00', '04:00:00', 8, 450.00),
(4, 0, 'Renz Paul Caballero', 'Bookkeeper', 'Mon, Tues, Wed, Thurs, Fri', '08:00:00', '04:00:00', 8, 470.00),
(5, 0, 'Erica Plamera', 'Sales-Office Assistant', 'Mon, Tues, Wed, Thurs, Fri', '08:00:00', '04:00:00', 8, 470.00),
(6, 0, 'Dolly Cabayao', 'Head Processor (QA Milk)', 'Mon, Tues, Wed, Thurs, Fri', '08:00:00', '04:00:00', 8, 470.00),
(7, 0, 'Edward Oblino', 'Head Processor (Bakery)', 'Mon, Tues, Wed, Thurs, Fri', '08:00:00', '04:00:00', 8, 470.00),
(8, 0, 'Leo Laudato', 'Processor', 'Mon, Tues, Wed', '06:00:00', '02:00:00', 8, 450.00),
(9, 0, 'Novy Dumalogdog', 'Processor', 'Mon, Tues, Thurs', '06:00:00', '02:00:00', 8, 450.00),
(10, 0, 'Sherwin Sarmiento', 'Processor', 'Mon, Tues,  Fri', '07:00:00', '03:00:00', 8, 450.00),
(11, 0, 'Clark Vincent Garbino', 'Processor', 'Tues, Wed, Thurs', '08:00:00', '04:00:00', 8, 450.00),
(12, 0, 'N/A', 'Processor', 'Mon, Tues, Wed, Thurs, Fri', '06:00:00', '04:00:00', 24, 0.00);

-- --------------------------------------------------------

--
-- Table structure for table `files`
--

CREATE TABLE `files` (
  `id` int(11) NOT NULL,
  `member_id` int(11) DEFAULT NULL,
  `name` varchar(255) DEFAULT NULL,
  `path` varchar(255) DEFAULT NULL,
  `uploadedAt` timestamp NOT NULL DEFAULT current_timestamp()
) ENGINE=InnoDB DEFAULT CHARSET=utf8mb4 COLLATE=utf8mb4_general_ci;

--
-- Dumping data for table `files`
--

INSERT INTO `files` (`id`, `member_id`, `name`, `path`, `uploadedAt`) VALUES
(3, 6, 'produced_data_2023-08-03 (1).xls', 'assets/files/produced_data_2023-08-03 (1).xls', '2023-08-03 01:13:15'),
(4, 9, 'produced_data_2023-08-03 (1).xls', 'assets/files/produced_data_2023-08-03 (1).xls', '2023-08-03 01:26:24'),
(5, 10, 'produced_data_2023-08-03 (1).xls', 'assets/files/produced_data_2023-08-03 (1).xls', '2023-08-03 01:30:05'),
(6, 10, 'Regform 2nd2nd.pdf', NULL, '2023-10-27 02:16:35'),
(7, 31, 'Admin.docx', 'assets/files/Admin.docx', '2024-02-21 15:07:13');

-- --------------------------------------------------------

--
-- Table structure for table `manufacturing_mat`
--

CREATE TABLE `manufacturing_mat` (
  `id` int(11) NOT NULL,
  `order_id` varchar(20) DEFAULT NULL,
  `RawMaterialID` int(11) DEFAULT NULL,
  `issued_quantity` decimal(19,3) DEFAULT NULL,
  `qty_unit` varchar(20) NOT NULL
) ENGINE=InnoDB DEFAULT CHARSET=utf8mb4 COLLATE=utf8mb4_general_ci;

--
-- Dumping data for table `manufacturing_mat`
--

INSERT INTO `manufacturing_mat` (`id`, `order_id`, `RawMaterialID`, `issued_quantity`, `qty_unit`) VALUES
(326, 'MO-001', 205, 2000.000, 'ml'),
(327, 'MO-001', 204, 28.300, 'g'),
(328, 'MO-001', 201, 100.000, 'g'),
(384, 'MO-011', 201, 350.000, 'g'),
(385, 'MO-011', 202, 40.000, 'ml'),
(386, 'MO-011', 203, 225.000, 'g'),
(387, 'MO-011', 204, 28.300, 'g'),
(388, 'MO-011', 205, 2000.000, 'ml'),
(389, 'MO-011', 206, 3000.000, 'ml'),
(390, 'MO-012', 201, 350.000, 'g'),
(391, 'MO-012', 202, 35.000, 'ml'),
(392, 'MO-012', 203, 225.000, 'g'),
(393, 'MO-012', 204, 28.300, 'g'),
(394, 'MO-012', 205, 2000.000, 'ml'),
(395, 'MO-012', 206, 3000.000, 'ml'),
(396, 'MO-013', 205, 2000.000, 'ml'),
(397, 'MO-013', 207, 6.000, 'g'),
(398, 'MO-013', 208, 20.000, 'g'),
(399, 'MO-013', 206, 1000.000, 'ml'),
(400, 'MO-014', 205, 2000.000, 'ml'),
(401, 'MO-014', 207, 6.000, 'g'),
(402, 'MO-014', 208, 20.000, 'g'),
(403, 'MO-014', 206, 1000.000, 'ml'),
(404, 'MO-015', 205, 2000.000, 'ml'),
(405, 'MO-015', 204, 28.300, 'g'),
(406, 'MO-015', 201, 100.000, 'g'),
(407, 'MO-016', 205, 2000.000, 'ml'),
(408, 'MO-016', 207, 6.000, 'g'),
(409, 'MO-016', 208, 20.000, 'g'),
(410, 'MO-016', 206, 1000.000, 'ml'),
(411, 'MO-017', 201, 375.000, 'g'),
(412, 'MO-017', 202, 50.000, 'g'),
(413, 'MO-017', 203, 250.000, 'g'),
(414, 'MO-017', 204, 28.300, 'g'),
(415, 'MO-017', 205, 2000.000, 'ml'),
(416, 'MO-017', 206, 3000.000, 'ml'),
(417, 'MO-018', 201, 350.000, 'g'),
(418, 'MO-018', 202, 40.000, 'ml'),
(419, 'MO-018', 203, 225.000, 'g'),
(420, 'MO-018', 204, 28.300, 'g'),
(421, 'MO-018', 205, 2000.000, 'ml'),
(422, 'MO-018', 206, 3000.000, 'ml'),
(423, 'MO-019', 201, 350.000, 'g'),
(424, 'MO-019', 202, 45.000, 'ml'),
(425, 'MO-019', 203, 225.000, 'g'),
(426, 'MO-019', 204, 28.300, 'g'),
(427, 'MO-019', 205, 2000.000, 'ml'),
(428, 'MO-019', 206, 3000.000, 'ml'),
(429, 'MO-020', 205, 2000.000, 'ml'),
(430, 'MO-020', 207, 6.000, 'g'),
(431, 'MO-020', 208, 20.000, 'g'),
(432, 'MO-020', 206, 1000.000, 'ml'),
(433, 'MO-021', 201, 350.000, 'g'),
(434, 'MO-021', 202, 40.000, 'ml'),
(435, 'MO-021', 203, 225.000, 'g'),
(436, 'MO-021', 204, 28.300, 'g'),
(437, 'MO-021', 205, 2000.000, 'ml'),
(438, 'MO-021', 206, 3000.000, 'ml');

-- --------------------------------------------------------

--
-- Table structure for table `manufacturing_orders`
--

CREATE TABLE `manufacturing_orders` (
  `order_id` varchar(20) NOT NULL,
  `ProductID` int(11) DEFAULT NULL,
  `o_quantity` int(11) DEFAULT NULL,
  `batch_amount` int(20) NOT NULL,
  `o_date` date DEFAULT NULL,
  `due_date` date DEFAULT NULL,
  `status` varchar(20) DEFAULT 'In Production'
) ENGINE=InnoDB DEFAULT CHARSET=utf8mb4 COLLATE=utf8mb4_general_ci;

--
-- Dumping data for table `manufacturing_orders`
--

INSERT INTO `manufacturing_orders` (`order_id`, `ProductID`, `o_quantity`, `batch_amount`, `o_date`, `due_date`, `status`) VALUES
('MO-001', 110, 1, 5, '2023-01-10', '2023-01-10', 'In Stock'),
('MO-011', 107, 1, 26, '2023-01-17', '2023-01-17', 'In Stock'),
('MO-012', 108, 2, 52, '2023-01-22', '2023-01-22', 'In Stock'),
('MO-013', 109, 1, 1, '2023-01-23', '2023-01-23', 'In Stock'),
('MO-014', 109, 1, 1, '2023-01-20', '2023-01-20', 'In Stock'),
('MO-015', 110, 12, 60, '2023-01-25', '2023-01-25', 'In Stock'),
('MO-016', 109, 6, 6, '2023-01-26', '2023-01-26', 'In Stock'),
('MO-017', 102, 1, 26, '2023-01-29', '2023-01-29', 'In Stock'),
('MO-018', 104, 3, 78, '2023-01-27', '2023-01-27', 'In Stock'),
('MO-019', 105, 3, 78, '2023-01-26', '2023-01-26', 'In Stock'),
('MO-020', 109, 4, 48, '2023-01-25', '2023-01-25', 'In Stock'),
('MO-021', 107, 1, 26, '2023-01-06', '2023-01-06', 'In Stock');

-- --------------------------------------------------------

--
-- Table structure for table `member`
--

CREATE TABLE `member` (
  `id` int(11) NOT NULL,
  `firstname` varchar(255) NOT NULL,
  `lastname` varchar(255) NOT NULL,
  `age` int(30) NOT NULL,
  `address` varchar(255) NOT NULL,
  `status` varchar(255) NOT NULL,
  `gender` varchar(255) NOT NULL,
  `religion` varchar(255) NOT NULL,
  `birthday` date NOT NULL,
  `work` varchar(255) NOT NULL,
  `contact` bigint(12) NOT NULL,
  `education` varchar(255) NOT NULL,
  `tin` varchar(255) NOT NULL,
  `dateApplied` date NOT NULL,
  `n_emergency` varchar(255) NOT NULL,
  `relation` varchar(255) NOT NULL,
  `cn_emergency` bigint(12) NOT NULL,
  `stat` varchar(20) NOT NULL
) ENGINE=InnoDB DEFAULT CHARSET=utf8mb4 COLLATE=utf8mb4_general_ci;

--
-- Dumping data for table `member`
--

INSERT INTO `member` (`id`, `firstname`, `lastname`, `age`, `address`, `status`, `gender`, `religion`, `birthday`, `work`, `contact`, `education`, `tin`, `dateApplied`, `n_emergency`, `relation`, `cn_emergency`, `stat`) VALUES
(1, 'RAUL', 'HINALAO', 0, 'CALINOG, ILOILO', 'MARRIED', 'MALE', 'ROMAN CATHOLIC', '2023-07-19', 'FARMER', 9956670995, 'ELEMENTARY', '1231241231', '2023-07-19', 'Magdalena Palmes', 'Wife', 9289457760, '0'),
(2, 'SALVADOR', 'LEBANAN', 51, 'MAITE GRANDE LAMBUNAO', 'MARRIED', 'MALE', 'ROMAN CATHOLIC', '1972-06-15', 'FARMER', 9102932472, 'L.I.S.T', 'N/A', '2018-02-07', 'MA. PILAR LEBANAN', 'WIFE', 91029472, '0'),
(3, 'HALEM', 'LATAÑAFRANCIA', 44, 'JAYOBO LAMBUNAO, ILOILO', 'MARRIED', 'FEMALE', 'ROMAN CATHOLIC', '1978-10-18', 'TEACHER', 9663651446, 'COLLEGE GRADUATE', '926-649-191', '2021-06-28', 'HARNL M. LASTIMOSO', 'BROTHER', 9301743177, '0'),
(6, 'SAMUEL', 'LOPEZ', 57, 'MARIBONG, LAMBUNAO', 'MARRIED', 'MALE', 'ROMAN CATHOLIC', '1965-10-11', 'BRGY. KAGAWAD', 0, 'COLLEGE GRADUATE', '', '2019-12-27', 'FRANNIE M. LOPEZ', 'WIFE', 0, '0'),
(7, 'HENRY', 'ORBINO', 62, 'IMPALIDAN, CALINOG, ILOILO', 'MARRIED', 'MALE', 'ROMAN CATHOLIC', '1961-06-04', 'FARMER', 0, 'SECONDARY', '', '2020-01-30', 'CHITA ORBINO', '', 0, '0'),
(8, 'GLENN', 'TAGUNDADO', 34, 'MANAULAN LAMBUNAO', 'SINGLE', 'MALE', 'ROMAN CATHOLIC', '1988-10-22', 'FARMER', 9104364066, 'COLLEGE GRADUATE', '', '2023-08-03', 'MOTHER', 'MOTHER', 9104364066, '0'),
(9, 'ROBERT', 'GARBINO', 53, 'BRGY. DALID, CALINOG', 'MARRIED', 'MALE', 'ROMAN CATHOLIC', '1970-05-02', 'FARMER', 9466308165, 'SECONDARY', '', '2021-09-08', 'ROWENA P. GARBINO', 'WIFE', 9466308165, '0'),
(10, 'WILMA', 'CAPILLO', 58, 'MARIBONG, LAMBUNAO', 'MARRIED', 'FEMALE', 'ROMAN CATHOLIC', '1964-10-26', 'FARMER', 9302669393, 'COLLEGE GRADUATE', '1231241231', '2021-11-17', 'DIONISIO CAPILLO', 'HUSBAND', 9302669393, '0'),
(12, 'ROMEO', 'ARAÑA', 0, 'N/A', '2', '1', 'ROMAN CATHOLIC', '2024-01-14', 'FARMER', 9273926730, 'COLLEGE GRADUATE', 'N/A', '2024-01-14', 'Mimia Laban', 'Wife', 0, 'Approved'),
(13, 'RYAN', 'CARMEN', 0, 'CALINOG, ILOILO', '2', '1', 'ROMAN CATHOLIC', '2024-01-15', 'FARMER', 9270029045, 'COLLEGE GRADUATE', 'N/A', '2024-01-15', 'Randy Carmen', 'WIFE', 0, 'Approved'),
(14, 'JOSE ROBERTO', 'CASTROMAYOR', 0, 'CALINOG, ILOILO', '2', '1', 'ROMAN CATHOLIC', '2024-01-15', 'FARMER', 9480906387, 'COLLEGE GRADUATE', 'N/A', '2024-01-15', 'Ma.Bobette Catromayor', 'WIFE', 9569349681, 'Approved'),
(15, 'PCC', 'PRODUCTION', 0, 'SIMSIMAN, CALINOG', '1', '1', 'ROMAN CATHOLIC', '2024-01-30', 'N/A', 0, 'N/A', 'N/A', '2024-01-30', 'N/A', 'N/A', 0, 'Approved'),
(17, 'JORGE', 'CAPILLO', 0, 'N/A', '2', '1', 'ROMAN CATHOLIC', '2024-02-08', 'N/A', 9318040996, 'N/A', 'N/A', '2024-02-08', 'DIONISIO CAPILLO', 'N/A', 9693759343, 'Approved'),
(18, 'CEARIAN', 'CORNELIA', 0, 'N/A', '1', '1', 'ROMAN CATHOLIC', '2024-02-08', 'N/A', 0, 'N/A', 'N/A', '2024-02-08', 'N/A', 'N/A', 0, 'Approved'),
(19, 'REX JR', 'DUMDUMAYA', 0, 'N/A', '2', '1', 'ROMAN CATHOLIC', '2024-02-08', 'N/A', 9503611110, 'N/A', 'N/A', '2024-02-08', 'LILIBETH DUMDUMAYA', 'WIFE', 0, 'Approved'),
(20, 'RUDY', 'GREGORIO', 0, 'N/A', '2', '1', 'ROMAN CATHOLIC', '2024-02-08', 'N/A', 9515966479, 'N/A', 'N/A', '2024-02-08', 'ERNA GREGORIO', 'WIFE', 0, 'Approved'),
(21, 'JUNEDEN', 'LANDOY', 0, 'N/A', '2', '1', 'ROMAN CATHOLIC', '2024-02-08', 'N/A', 9507981937, 'N/A', 'N/A', '2024-02-08', 'ROLYN LANDOY', 'WIFE', 9480987635, 'Approved'),
(22, 'JERICO', 'LARRODER', 0, 'N/A', '1', '1', 'N/A', '2024-02-08', 'N/A', 0, 'N/A', 'N/A', '2024-02-08', 'N/A', 'N/A', 0, 'Approved'),
(23, 'EDWIN', 'LARRODER', 0, 'N/A', '2', '1', 'ROMAN CATHOLIC', '2024-02-08', 'N/A', 9452510759, 'N/A', 'N/A', '2024-02-08', 'JOLINDA LARRODER', 'WIFE', 9384114633, 'Approved'),
(24, 'JOHN PAUL', 'LARRODER', 0, 'N/A', '1', '1', 'ROMAN CATHOLIC', '2024-02-08', 'N/A', 0, 'N/A', 'N/A', '2024-02-08', 'N/A', 'N/A', 0, 'Approved'),
(25, 'RAUL', 'LARRODER', 0, 'N/A', '2', '1', 'ROMAN CATHOLIC', '2024-02-08', 'N/A', 9077613720, 'N/A', 'N/A', '2024-02-08', 'EDWIN LARRODER', 'BROTHER', 0, 'Approved'),
(26, 'GIL', 'LAZO', 0, 'N/A', '2', '1', 'ROMAN CATHOLIC', '2024-02-08', 'N/A', 9090306512, 'N/A', 'N/A', '2024-02-08', 'N/A', 'N/A', 0, 'Approved'),
(27, 'ANJO', 'PALMES', 0, 'N/A', '2', '1', 'ROMAN CATHOLIC', '2024-02-08', 'N/A', 9466979300, 'N/A', 'N/A', '2024-02-08', 'N/A', 'N/A', 0, 'Approved'),
(29, 'DIONISIO', 'CAPILLO', 0, 'N/A', '2', '1', 'R', '2024-02-19', 'N/A', 0, 'N/A', 'N/A', '2024-02-19', 'WILMA CAPILLO', 'WIFE', 0, 'Approved'),
(30, 'ZALDY', 'LABANON', 0, 'N/A', '2', '1', 'RELIGION', '2024-02-20', 'N/A', 0, 'N/A', 'N/A', '2024-02-20', 'N/A', 'N/A', 0, 'Approved'),
(31, 'Juan', 'Dela Cruz', 53, 'Calinog, Iloilo', '2', '1', 'Filipino', '1970-12-01', 'Farmer', 9096804789, 'Highschool Graduate', '000-123-000', '2024-02-22', 'Juana Dela Cruz', 'Spouse', 920161598, 'Pending');

-- --------------------------------------------------------

--
-- Table structure for table `produced`
--

CREATE TABLE `produced` (
  `transaction_id` int(11) NOT NULL,
  `member_id` int(11) DEFAULT NULL,
  `carabao_id` int(11) DEFAULT NULL,
  `milkslip` decimal(10,2) DEFAULT NULL,
  `actual` decimal(10,2) DEFAULT NULL,
  `date` date NOT NULL
) ENGINE=InnoDB DEFAULT CHARSET=utf8mb4 COLLATE=utf8mb4_general_ci;

--
-- Dumping data for table `produced`
--

INSERT INTO `produced` (`transaction_id`, `member_id`, `carabao_id`, `milkslip`, `actual`, `date`) VALUES
(1, 12, 23, 3.50, 3.50, '2023-01-01'),
(2, 29, 24, 3.20, 3.20, '2023-01-01'),
(3, 17, 25, 3.00, 3.00, '2023-01-01'),
(4, 10, 13, 4.30, 0.30, '2023-01-01'),
(5, 14, 26, 3.35, 3.35, '2023-01-01'),
(6, 14, 27, 5.30, 5.30, '2023-01-01'),
(7, 23, 28, 3.10, 3.11, '2023-01-01'),
(8, 25, 29, 3.20, 3.20, '2023-01-01'),
(9, 3, 14, 3.00, 3.00, '2023-01-01'),
(10, 26, 30, 1.50, 1.50, '2023-01-01'),
(11, 2, 4, 8.00, 8.00, '2023-01-01'),
(12, 2, 5, 9.40, 9.40, '2023-01-01'),
(13, 7, 17, 2.75, 2.75, '2023-01-01'),
(14, 27, 31, 2.00, 2.00, '2023-01-01'),
(15, 15, 21, 7.70, 7.70, '2023-01-01'),
(16, 12, 23, 3.60, 3.60, '2023-01-02'),
(17, 20, 32, 4.50, 4.50, '2023-01-02'),
(18, 1, 2, 7.10, 7.10, '2023-01-02'),
(19, 1, 33, 6.30, 6.30, '2023-01-02'),
(20, 30, 34, 20.00, 20.00, '2023-01-02'),
(21, 23, 28, 2.80, 2.80, '2023-01-02'),
(22, 25, 29, 2.55, 2.50, '2023-01-02'),
(23, 26, 30, 1.90, 1.90, '2023-01-02'),
(24, 2, 4, 3.70, 3.70, '2023-01-02'),
(25, 2, 5, 5.00, 5.00, '2023-01-02'),
(26, 27, 31, 1.70, 1.70, '2023-01-02'),
(27, 15, 21, 9.40, 9.40, '2023-01-02'),
(28, 12, 23, 3.60, 3.60, '2023-01-03'),
(29, 29, 24, 9.05, 9.05, '2023-01-03'),
(30, 10, 13, 6.40, 6.40, '2023-01-03'),
(31, 14, 26, 5.90, 5.90, '2023-01-03'),
(32, 14, 27, 4.00, 4.00, '2023-01-03'),
(33, 23, 28, 3.20, 3.20, '2023-01-03'),
(34, 3, 14, 2.40, 2.40, '2023-01-03'),
(35, 26, 30, 2.00, 2.00, '2023-01-03'),
(36, 15, 21, 8.20, 8.20, '2023-01-03'),
(37, 12, 23, 4.00, 4.00, '2023-01-04'),
(38, 29, 24, 4.00, 4.00, '2023-01-04'),
(39, 17, 25, 7.00, 7.00, '2023-01-04'),
(40, 10, 13, 3.50, 3.50, '2023-01-04'),
(41, 13, 35, 12.90, 12.90, '2023-01-04'),
(42, 20, 32, 2.20, 2.20, '2023-01-04'),
(43, 1, 2, 10.50, 10.50, '2023-01-04'),
(44, 1, 33, 6.10, 6.10, '2023-01-04'),
(45, 23, 28, 3.00, 3.00, '2023-01-04'),
(46, 25, 29, 6.70, 6.70, '2023-01-04'),
(47, 3, 14, 1.50, 1.50, '2023-01-04'),
(48, 26, 30, 2.20, 2.00, '2023-01-04'),
(49, 2, 4, 4.00, 4.00, '2023-01-04'),
(50, 2, 5, 3.50, 3.50, '2023-01-04'),
(51, 7, 17, 4.30, 4.30, '2023-01-04'),
(52, 15, 21, 8.60, 8.60, '2023-01-04'),
(53, 12, 23, 3.60, 3.60, '2023-01-05'),
(54, 29, 24, 3.30, 3.30, '2023-01-05'),
(55, 17, 25, 4.00, 4.00, '2023-01-05'),
(56, 10, 13, 3.40, 3.40, '2023-01-05'),
(57, 14, 26, 5.70, 5.70, '2023-01-05'),
(58, 14, 27, 3.40, 3.40, '2023-01-05'),
(59, 20, 32, 4.30, 4.30, '2023-01-05'),
(60, 23, 28, 3.00, 3.00, '2023-01-05'),
(61, 25, 29, 3.70, 3.70, '2023-01-05'),
(62, 26, 30, 2.30, 2.30, '2023-01-05'),
(63, 2, 4, 9.40, 9.40, '2023-01-05'),
(64, 2, 5, 8.80, 8.80, '2023-01-05'),
(65, 27, 31, 4.60, 4.60, '2023-01-05'),
(66, 15, 21, 8.70, 8.70, '2023-01-05'),
(67, 12, 23, 3.60, 3.60, '2023-01-06'),
(68, 29, 24, 2.30, 2.30, '2023-01-06'),
(69, 17, 25, 3.50, 3.50, '2023-01-06'),
(70, 10, 13, 3.20, 3.20, '2023-01-06'),
(71, 1, 2, 14.10, 14.10, '2023-01-06'),
(72, 23, 28, 3.00, 3.00, '2023-01-06'),
(74, 26, 30, 2.20, 2.20, '2023-01-06'),
(75, 2, 4, 3.80, 3.80, '2023-01-06'),
(76, 2, 5, 4.80, 4.80, '2023-01-06'),
(77, 7, 17, 2.30, 2.30, '2023-01-06'),
(78, 15, 21, 8.60, 8.60, '2023-01-06'),
(79, 12, 23, 3.85, 3.85, '2023-01-07'),
(80, 29, 24, 3.40, 3.40, '2023-01-07'),
(81, 17, 25, 3.80, 3.80, '2023-01-07'),
(82, 10, 13, 3.00, 3.00, '2023-01-07'),
(83, 14, 26, 5.60, 5.60, '2023-01-07'),
(84, 14, 27, 3.50, 3.50, '2023-01-07'),
(85, 20, 32, 4.20, 0.20, '2023-01-07'),
(86, 30, 34, 20.00, 20.00, '2023-01-07'),
(87, 23, 28, 2.65, 2.65, '2023-01-07'),
(88, 25, 29, 2.90, 2.90, '2023-01-07'),
(89, 26, 30, 2.10, 2.10, '2023-01-07'),
(90, 2, 4, 4.00, 4.00, '2023-01-07'),
(91, 2, 5, 4.20, 4.20, '2023-01-07'),
(92, 7, 17, 6.45, 6.45, '2023-01-07'),
(93, 15, 21, 8.60, 8.60, '2023-01-07'),
(94, 12, 23, 4.00, 4.00, '2023-01-08'),
(95, 17, 25, 3.70, 3.70, '2023-01-08'),
(96, 13, 35, 12.80, 12.80, '2023-01-08'),
(97, 14, 26, 3.20, 3.20, '2023-01-08'),
(98, 14, 27, 1.50, 1.50, '2023-01-08'),
(99, 20, 32, 2.10, 2.10, '2023-01-08'),
(100, 1, 2, 8.70, 8.70, '2023-01-08'),
(101, 1, 33, 6.10, 6.10, '2023-01-08'),
(102, 23, 28, 2.90, 2.90, '2023-01-08'),
(103, 25, 29, 3.30, 3.30, '2023-01-08'),
(104, 2, 4, 4.00, 4.00, '2023-01-08'),
(105, 2, 5, 4.00, 4.00, '2023-01-08'),
(106, 7, 17, 3.00, 3.00, '2023-01-08'),
(107, 15, 21, 6.80, 6.80, '2023-01-08'),
(108, 12, 23, 3.60, 3.60, '2023-01-09'),
(109, 29, 24, 7.65, 7.65, '2023-01-09'),
(110, 17, 25, 3.80, 3.80, '2023-01-09'),
(111, 10, 13, 6.05, 6.05, '2023-01-09'),
(112, 14, 26, 2.70, 2.70, '2023-01-09'),
(113, 14, 27, 2.10, 2.10, '2023-01-09'),
(114, 23, 28, 2.80, 2.80, '2023-01-09'),
(115, 25, 29, 2.30, 2.30, '2023-01-09'),
(116, 3, 14, 4.70, 4.70, '2023-01-09'),
(117, 26, 30, 3.80, 3.80, '2023-01-09'),
(118, 2, 4, 4.50, 4.50, '2023-01-09'),
(119, 2, 5, 4.50, 4.50, '2023-01-09'),
(120, 7, 17, 3.40, 3.40, '2023-01-09'),
(121, 27, 31, 4.70, 4.70, '2023-01-09'),
(122, 15, 21, 8.40, 8.40, '2023-01-09'),
(123, 12, 23, 3.60, 3.60, '2023-01-10'),
(124, 29, 24, 4.20, 4.20, '2023-01-10'),
(125, 17, 25, 3.20, 3.20, '2023-01-10'),
(126, 10, 13, 3.60, 3.60, '2023-01-10'),
(127, 20, 32, 4.70, 4.70, '2023-01-10'),
(128, 1, 2, 7.10, 7.10, '2023-01-10'),
(129, 1, 33, 7.10, 7.10, '2023-01-10'),
(130, 23, 28, 2.80, 2.80, '2023-01-10'),
(131, 25, 29, 3.00, 3.00, '2023-01-10'),
(132, 26, 30, 2.40, 2.40, '2023-01-10'),
(133, 7, 17, 7.00, 7.00, '2023-01-10'),
(134, 15, 21, 8.00, 8.00, '2023-01-10'),
(135, 12, 23, 3.80, 3.80, '2023-01-11'),
(136, 17, 25, 3.15, 3.15, '2023-01-11'),
(137, 13, 35, 9.60, 9.60, '2023-01-11'),
(138, 14, 26, 4.20, 4.20, '2023-01-11'),
(139, 14, 27, 6.20, 6.20, '2023-01-11'),
(140, 30, 34, 17.00, 17.00, '2023-01-11'),
(141, 23, 28, 2.50, 2.50, '2023-01-11'),
(142, 25, 29, 2.70, 2.70, '2023-01-11'),
(143, 3, 14, 3.00, 3.00, '2023-01-11'),
(144, 26, 30, 2.20, 2.20, '2023-01-11'),
(145, 2, 4, 4.30, 4.30, '2023-01-11'),
(146, 2, 5, 4.20, 4.20, '2023-01-11'),
(147, 7, 17, 3.00, 3.00, '2023-01-11'),
(148, 27, 31, 3.15, 3.15, '2023-01-11'),
(149, 15, 21, 8.00, 8.00, '2023-01-11'),
(150, 12, 23, 3.45, 3.45, '2023-01-12'),
(151, 29, 24, 9.00, 9.00, '2023-01-12'),
(152, 17, 25, 3.60, 3.60, '2023-01-12'),
(153, 10, 13, 8.50, 8.50, '2023-01-12'),
(154, 1, 2, 9.00, 9.00, '2023-01-12'),
(155, 1, 33, 6.40, 6.40, '2023-01-12'),
(156, 23, 28, 2.45, 2.45, '2023-01-12'),
(157, 25, 29, 2.75, 2.75, '2023-01-12'),
(158, 2, 4, 4.25, 4.25, '2023-01-12'),
(159, 2, 5, 4.20, 4.20, '2023-01-12'),
(160, 7, 17, 3.75, 3.75, '2023-01-12'),
(161, 15, 21, 7.90, 7.90, '2023-01-12'),
(162, 12, 23, 3.55, 3.55, '2023-01-13'),
(163, 29, 24, 4.35, 4.35, '2023-01-13'),
(164, 17, 25, 3.20, 3.20, '2023-01-13'),
(165, 10, 13, 4.30, 4.30, '2023-01-13'),
(166, 13, 35, 6.35, 6.35, '2023-01-13'),
(167, 14, 26, 5.75, 5.75, '2023-01-13'),
(168, 14, 27, 4.00, 4.00, '2023-01-13'),
(169, 20, 32, 7.30, 7.30, '2023-01-13'),
(170, 23, 28, 2.30, 2.30, '2023-01-13'),
(171, 3, 14, 1.50, 1.50, '2023-01-13'),
(172, 26, 30, 4.25, 0.25, '2023-01-13'),
(173, 2, 4, 8.30, 0.30, '2023-01-13'),
(174, 2, 5, 8.80, 8.80, '2023-01-13'),
(175, 7, 17, 3.35, 3.35, '2023-01-13'),
(176, 27, 31, 3.70, 3.70, '2023-01-13'),
(177, 15, 21, 8.70, 8.70, '2023-01-13'),
(178, 12, 23, 3.70, 3.70, '2023-01-14'),
(179, 29, 24, 4.40, 0.40, '2023-01-14'),
(180, 17, 25, 4.10, 4.10, '2023-01-14'),
(181, 10, 13, 4.00, 4.00, '2023-01-14'),
(182, 1, 2, 7.00, 7.00, '2023-01-14'),
(183, 1, 33, 7.00, 7.00, '2023-01-14'),
(184, 23, 28, 2.30, 2.30, '2023-01-14'),
(185, 25, 29, 3.50, 3.50, '2023-01-14'),
(186, 26, 30, 2.20, 2.20, '2023-01-14'),
(187, 2, 4, 4.00, 4.00, '2023-01-14'),
(188, 2, 5, 4.50, 4.50, '2023-01-14'),
(189, 7, 17, 6.20, 6.20, '2023-01-14'),
(190, 27, 31, 2.00, 2.00, '2023-01-14'),
(191, 15, 21, 6.50, 6.50, '2023-01-14'),
(192, 12, 23, 3.70, 3.70, '2023-01-15'),
(193, 29, 24, 4.60, 0.60, '2023-01-15'),
(194, 17, 25, 2.10, 2.10, '2023-01-15'),
(195, 10, 13, 3.70, 3.70, '2023-01-15'),
(196, 14, 26, 5.10, 5.10, '2023-01-15'),
(197, 14, 27, 4.10, 4.10, '2023-01-15'),
(198, 20, 32, 5.00, 5.00, '2023-01-15'),
(199, 1, 2, 4.10, 4.10, '2023-01-15'),
(200, 1, 33, 3.20, 3.20, '2023-01-15'),
(201, 30, 34, 20.00, 20.00, '2023-01-15'),
(202, 23, 28, 2.30, 2.30, '2023-01-15'),
(203, 2, 4, 4.30, 4.30, '2023-01-15'),
(204, 2, 5, 4.80, 4.80, '2023-01-15'),
(205, 7, 17, 3.00, 3.00, '2023-01-15'),
(206, 15, 21, 9.90, 9.90, '2023-01-15'),
(209, 12, 23, 3.50, 3.50, '2023-01-16'),
(210, 17, 25, 3.50, 3.50, '2023-01-16'),
(211, 10, 13, 6.72, 6.72, '2023-01-17'),
(212, 20, 32, 7.34, 7.34, '2023-01-17'),
(213, 1, 2, 6.99, 6.99, '2023-01-17'),
(214, 1, 33, 7.00, 7.00, '2023-01-17'),
(215, 23, 28, 2.38, 2.38, '2023-01-17'),
(216, 12, 23, 3.55, 3.55, '2023-01-18'),
(217, 29, 24, 5.00, 5.00, '2023-01-18'),
(218, 17, 25, 3.80, 3.80, '2023-01-18'),
(219, 10, 13, 3.50, 3.50, '2023-01-18'),
(220, 14, 26, 6.50, 6.50, '2023-01-18'),
(221, 14, 27, 6.30, 6.30, '2023-01-18'),
(222, 23, 28, 2.30, 2.30, '2023-01-18'),
(223, 25, 29, 2.90, 2.90, '2023-01-18'),
(224, 26, 30, 2.00, 2.00, '2023-01-18'),
(225, 2, 4, 4.00, 4.00, '2023-01-18'),
(226, 2, 5, 4.00, 4.00, '2023-01-18'),
(227, 7, 17, 6.30, 6.30, '2023-01-18'),
(228, 27, 31, 3.30, 3.30, '2023-01-18'),
(229, 15, 21, 11.10, 11.10, '2023-01-18'),
(230, 12, 23, 3.50, 3.50, '2023-01-19'),
(231, 29, 24, 3.10, 3.10, '2023-01-19'),
(232, 17, 25, 3.90, 3.90, '2023-01-19'),
(233, 10, 13, 3.85, 3.85, '2023-01-19'),
(234, 1, 2, 7.10, 7.10, '2023-01-19'),
(235, 1, 33, 6.10, 6.10, '2023-01-19'),
(236, 30, 34, 20.00, 20.00, '2023-01-19'),
(237, 23, 28, 2.80, 2.80, '2023-01-19'),
(238, 25, 29, 2.90, 2.90, '2023-01-19'),
(239, 26, 30, 2.15, 2.15, '2023-01-19'),
(240, 2, 4, 4.20, 4.20, '2023-01-19'),
(241, 2, 5, 4.35, 4.35, '2023-01-19'),
(242, 7, 17, 3.10, 3.10, '2023-01-19'),
(243, 15, 21, 10.40, 10.40, '2023-01-19'),
(244, 12, 23, 3.70, 3.70, '2023-01-20'),
(245, 29, 24, 2.80, 2.80, '2023-10-20'),
(246, 17, 25, 3.00, 3.00, '2023-01-20'),
(247, 10, 13, 3.80, 3.80, '2023-10-20'),
(248, 20, 32, 6.00, 6.00, '2023-01-20'),
(249, 23, 28, 2.50, 2.50, '2023-01-20'),
(252, 2, 4, 4.30, 4.30, '2023-01-20'),
(253, 2, 5, 4.30, 4.30, '2023-01-20'),
(254, 7, 17, 2.80, 2.80, '2023-01-20'),
(255, 15, 21, 2.70, 2.70, '2023-01-20'),
(256, 12, 23, 3.40, 3.40, '2023-01-21'),
(257, 17, 25, 3.00, 3.00, '2023-01-21'),
(258, 14, 26, 5.60, 5.60, '2023-01-21'),
(259, 14, 27, 3.70, 3.70, '2023-01-21'),
(260, 20, 32, 6.50, 6.50, '2023-01-21'),
(261, 1, 2, 7.10, 7.10, '2023-01-21'),
(262, 1, 33, 7.10, 7.10, '2023-01-21'),
(263, 23, 28, 2.50, 2.50, '2023-01-21'),
(264, 25, 29, 2.50, 2.50, '2023-01-21'),
(265, 26, 30, 2.10, 2.10, '2023-01-21'),
(266, 2, 4, 4.00, 4.00, '2023-01-21'),
(267, 2, 5, 4.00, 4.00, '2023-01-21'),
(268, 15, 21, 18.10, 18.10, '2023-01-21'),
(269, 12, 23, 3.40, 3.40, '2023-01-22'),
(270, 29, 24, 5.90, 5.90, '2023-01-22'),
(271, 17, 25, 3.90, 3.90, '2023-01-22'),
(272, 10, 13, 7.30, 7.30, '2023-01-22'),
(273, 1, 2, 2.70, 2.70, '2023-01-22'),
(274, 1, 33, 3.50, 3.50, '2023-01-22'),
(275, 23, 28, 2.00, 2.00, '2023-01-22'),
(276, 25, 29, 3.00, 3.00, '2023-01-22'),
(277, 26, 30, 2.20, 2.20, '2023-01-22'),
(278, 2, 4, 8.30, 8.30, '2023-01-22'),
(279, 2, 5, 9.00, 9.00, '2023-01-22'),
(280, 7, 17, 3.00, 3.00, '2023-01-22'),
(281, 15, 21, 9.20, 9.20, '2023-01-22'),
(282, 12, 23, 3.30, 3.30, '2023-01-23'),
(283, 29, 24, 3.20, 3.20, '2023-01-23'),
(284, 17, 25, 3.70, 3.70, '2023-01-23'),
(285, 10, 13, 3.50, 3.50, '2023-01-23'),
(286, 20, 32, 8.00, 8.00, '2023-01-23'),
(287, 30, 34, 20.00, 20.00, '2023-01-23'),
(288, 23, 28, 4.00, 4.00, '2023-01-23'),
(289, 3, 14, 4.50, 4.50, '2023-01-23'),
(290, 26, 30, 2.00, 2.00, '2023-01-23'),
(291, 7, 17, 3.00, 3.00, '2023-01-23'),
(292, 15, 21, 11.60, 11.60, '2023-01-23'),
(293, 12, 23, 3.40, 3.40, '2023-01-24'),
(294, 17, 25, 3.60, 3.60, '2023-01-24'),
(295, 14, 26, 6.85, 6.85, '2023-01-24'),
(296, 14, 27, 4.50, 4.50, '2023-01-24'),
(297, 20, 32, 3.80, 3.80, '2023-01-24'),
(298, 1, 2, 7.00, 7.00, '2023-01-24'),
(299, 1, 33, 6.60, 6.60, '2023-01-24'),
(300, 23, 28, 2.40, 2.00, '2023-01-24'),
(301, 25, 29, 3.30, 3.30, '2023-01-24'),
(302, 26, 30, 2.00, 2.00, '2023-01-24'),
(303, 2, 4, 4.00, 4.00, '2023-01-24'),
(304, 2, 5, 3.90, 3.90, '2023-01-24'),
(305, 7, 17, 3.00, 3.00, '2023-01-24'),
(306, 15, 21, 10.60, 10.60, '2023-01-24'),
(307, 12, 23, 3.45, 3.45, '2023-01-25'),
(308, 29, 24, 6.90, 6.90, '2023-01-25'),
(309, 17, 25, 3.10, 3.10, '2023-01-25'),
(310, 10, 13, 7.20, 7.20, '2023-01-25'),
(311, 13, 35, 6.00, 6.00, '2023-01-25'),
(312, 14, 26, 2.40, 2.40, '2023-01-25'),
(313, 14, 27, 1.55, 1.55, '2023-01-25'),
(314, 23, 28, 3.85, 3.85, '2023-01-25'),
(315, 25, 29, 2.45, 2.45, '2023-01-25'),
(316, 3, 14, 4.55, 4.55, '2023-01-25'),
(317, 26, 30, 1.85, 1.85, '2023-01-25'),
(318, 2, 4, 3.80, 3.80, '2023-01-25'),
(319, 2, 5, 3.65, 3.65, '2023-01-25'),
(320, 7, 17, 2.75, 2.75, '2023-01-25'),
(321, 15, 21, 9.30, 9.30, '2023-01-25'),
(322, 12, 23, 3.20, 3.20, '2023-01-26'),
(323, 29, 24, 2.70, 2.70, '2023-01-26'),
(324, 17, 25, 2.80, 2.80, '2023-01-26'),
(325, 10, 13, 3.90, 3.90, '2023-01-26'),
(326, 20, 32, 6.50, 6.50, '2023-01-26'),
(327, 1, 2, 7.30, 7.30, '2023-01-26'),
(328, 1, 33, 7.20, 7.20, '2023-01-26'),
(329, 23, 28, 3.75, 3.75, '2023-01-26'),
(330, 25, 29, 2.60, 2.60, '2023-01-26'),
(331, 3, 14, 1.50, 1.50, '2023-01-26'),
(332, 26, 30, 2.20, 2.20, '2023-01-26'),
(333, 2, 4, 4.10, 4.10, '2023-01-26'),
(334, 2, 5, 4.00, 4.00, '2023-01-26'),
(335, 7, 17, 2.50, 2.50, '2023-01-26'),
(336, 15, 21, 9.60, 9.60, '2023-01-26'),
(337, 12, 23, 3.30, 3.30, '2023-01-27'),
(338, 29, 24, 3.10, 3.10, '2023-01-27'),
(339, 17, 25, 3.20, 3.20, '2023-01-27'),
(340, 10, 13, 3.70, 3.70, '2023-01-27'),
(341, 14, 26, 4.40, 4.40, '2023-01-27'),
(342, 14, 27, 5.90, 5.90, '2023-01-27'),
(343, 30, 34, 25.00, 25.00, '2023-01-27'),
(344, 23, 28, 3.50, 3.50, '2023-01-27'),
(345, 25, 29, 2.40, 2.40, '2023-01-27'),
(346, 26, 30, 1.90, 1.90, '2023-01-27'),
(347, 2, 4, 4.30, 4.30, '2023-01-27'),
(348, 2, 5, 4.00, 4.00, '2023-01-27'),
(349, 7, 17, 2.80, 2.80, '2023-01-27'),
(350, 15, 21, 9.50, 9.50, '2023-01-27'),
(351, 12, 23, 3.50, 3.50, '2023-01-28'),
(352, 29, 24, 4.00, 4.00, '2023-01-28'),
(353, 17, 25, 2.80, 2.80, '2023-01-28'),
(354, 10, 13, 4.40, 4.40, '2023-01-28'),
(355, 20, 32, 8.00, 8.00, '2023-01-28'),
(356, 1, 2, 7.00, 7.00, '2023-01-28'),
(357, 1, 33, 7.10, 7.10, '2023-01-28'),
(358, 23, 28, 3.50, 3.50, '2023-01-28'),
(359, 26, 30, 2.20, 2.20, '2023-01-28'),
(360, 2, 4, 4.00, 4.00, '2023-01-28'),
(361, 2, 5, 4.00, 4.00, '2023-01-28'),
(362, 7, 17, 6.00, 6.00, '2023-01-28'),
(363, 15, 21, 8.50, 8.50, '2023-01-28'),
(364, 12, 23, 3.50, 3.50, '2023-01-29'),
(365, 29, 24, 3.10, 3.10, '2023-01-29'),
(366, 17, 25, 4.00, 4.00, '2023-01-29'),
(367, 10, 13, 3.40, 3.40, '2023-01-29'),
(368, 13, 35, 11.40, 11.40, '2023-01-29'),
(369, 23, 28, 3.00, 3.00, '2023-01-29'),
(370, 25, 29, 2.30, 2.30, '2023-01-29'),
(371, 26, 30, 2.20, 2.20, '2023-01-29'),
(372, 2, 4, 8.00, 8.00, '2023-01-29'),
(373, 2, 5, 8.00, 8.00, '2023-01-29'),
(374, 15, 21, 7.90, 7.90, '2023-01-29'),
(375, 12, 23, 3.30, 3.30, '2023-01-30'),
(376, 29, 24, 3.10, 3.10, '2023-01-30'),
(377, 17, 25, 4.00, 4.00, '2023-01-30'),
(378, 10, 13, 4.00, 4.00, '2023-01-30'),
(379, 20, 32, 7.50, 7.50, '2023-01-30'),
(380, 1, 2, 6.00, 6.00, '2023-01-30'),
(381, 1, 33, 7.00, 7.00, '2023-01-30'),
(382, 23, 28, 7.30, 7.30, '2023-01-30'),
(383, 3, 14, 4.10, 4.10, '2023-01-30'),
(384, 26, 30, 2.00, 2.00, '2023-01-30'),
(385, 7, 17, 5.30, 5.30, '2023-01-30'),
(386, 15, 21, 12.10, 12.10, '2023-01-30'),
(387, 12, 23, 3.35, 3.35, '2023-01-31'),
(388, 29, 24, 3.00, 3.00, '2023-01-31'),
(389, 17, 25, 3.30, 3.30, '2023-01-31'),
(390, 10, 13, 3.85, 3.85, '2023-01-31'),
(391, 1, 2, 4.00, 4.00, '2023-01-31'),
(392, 1, 2, 3.40, 3.40, '2023-01-31'),
(393, 30, 34, 21.00, 21.00, '2023-01-31'),
(394, 23, 28, 3.20, 3.20, '2023-01-31'),
(395, 25, 29, 2.70, 2.70, '2023-01-31'),
(396, 26, 30, 2.00, 2.00, '2023-01-31'),
(397, 2, 4, 4.10, 4.10, '2023-01-31'),
(398, 2, 5, 3.70, 3.70, '2023-01-31'),
(399, 15, 21, 5.00, 5.00, '2023-01-31'),
(400, 12, 23, 3.25, 3.25, '2023-02-01'),
(401, 29, 24, 2.15, 2.15, '2023-02-01'),
(402, 17, 25, 3.00, 3.00, '2023-02-01'),
(403, 10, 13, 2.70, 2.70, '2023-02-01'),
(404, 20, 32, 4.10, 4.10, '2023-02-01'),
(405, 1, 2, 3.00, 3.00, '2023-02-01'),
(406, 1, 33, 3.30, 3.30, '2023-02-01'),
(407, 23, 28, 3.00, 3.00, '2023-02-01'),
(408, 3, 14, 3.15, 3.15, '2023-02-01'),
(409, 2, 4, 3.90, 3.90, '2023-02-01'),
(410, 2, 5, 4.00, 4.00, '2023-02-01'),
(411, 7, 17, 2.70, 2.70, '2023-02-01'),
(412, 15, 21, 6.60, 6.60, '2023-02-01'),
(413, 12, 23, 3.30, 3.30, '2023-02-02'),
(414, 29, 24, 3.20, 3.20, '2023-02-02'),
(415, 10, 13, 3.50, 3.50, '2023-02-02'),
(416, 13, 35, 9.55, 9.55, '2023-02-02'),
(417, 14, 26, 9.20, 9.20, '2023-02-02'),
(418, 20, 32, 7.30, 7.30, '2023-02-02'),
(419, 23, 28, 3.40, 3.40, '2023-02-02'),
(420, 25, 29, 5.50, 5.50, '2023-02-02'),
(421, 26, 30, 4.00, 4.00, '2023-02-02'),
(422, 2, 4, 3.80, 3.80, '2023-02-02'),
(423, 2, 5, 3.80, 3.80, '2023-02-02'),
(424, 7, 17, 5.15, 5.15, '2023-02-02'),
(425, 15, 21, 4.00, 4.00, '2023-02-02'),
(426, 12, 23, 3.30, 3.30, '2023-02-03'),
(427, 29, 24, 3.00, 3.00, '2023-02-03'),
(428, 17, 25, 5.90, 5.90, '2023-02-03'),
(429, 10, 13, 5.00, 5.00, '2023-02-03'),
(430, 1, 2, 5.40, 5.40, '2023-02-03'),
(431, 1, 33, 6.70, 6.70, '2023-02-03'),
(432, 23, 28, 3.30, 3.30, '2023-02-03'),
(433, 25, 29, 2.25, 2.25, '2023-02-03'),
(434, 3, 14, 2.15, 2.15, '2023-02-03'),
(435, 26, 30, 2.00, 2.00, '2023-02-03'),
(436, 2, 4, 3.50, 3.50, '2023-02-03'),
(437, 2, 5, 3.50, 3.50, '2023-02-03'),
(438, 15, 21, 10.60, 10.60, '2023-02-03'),
(439, 12, 23, 3.20, 3.20, '2023-02-04'),
(440, 17, 25, 3.00, 3.00, '2023-02-04'),
(441, 20, 32, 7.00, 7.00, '2023-02-04'),
(442, 30, 34, 2.60, 2.60, '2023-02-04'),
(443, 23, 28, 3.60, 3.60, '2023-02-04'),
(444, 26, 30, 2.10, 2.10, '2023-02-04'),
(445, 2, 4, 3.40, 3.40, '2023-02-04'),
(446, 2, 5, 3.50, 3.50, '2023-02-04'),
(447, 7, 17, 5.20, 5.20, '2023-02-04'),
(448, 15, 21, 5.00, 5.00, '2023-02-04'),
(449, 12, 23, 3.30, 3.30, '2023-02-05'),
(450, 29, 24, 6.40, 6.40, '2023-02-05'),
(451, 17, 25, 3.00, 3.00, '2023-02-05'),
(452, 10, 13, 7.35, 7.35, '2023-02-05'),
(453, 13, 35, 6.90, 6.90, '2023-02-05'),
(454, 14, 26, 5.20, 5.20, '2023-02-05'),
(455, 1, 2, 7.10, 7.10, '2023-02-05'),
(456, 1, 33, 7.10, 7.10, '2023-02-05'),
(457, 23, 28, 3.50, 3.50, '2023-02-05'),
(458, 25, 29, 3.10, 3.10, '2023-02-05'),
(459, 26, 30, 1.75, 1.75, '2023-02-05'),
(460, 2, 4, 6.90, 6.90, '2023-02-05'),
(461, 2, 5, 7.20, 7.20, '2023-02-05'),
(462, 15, 21, 9.00, 9.00, '2023-02-05'),
(463, 12, 23, 3.20, 3.20, '2023-02-06'),
(464, 29, 24, 3.20, 3.20, '2023-02-06'),
(465, 17, 25, 4.60, 4.60, '2023-02-06'),
(466, 10, 13, 3.40, 3.40, '2023-02-06'),
(467, 20, 32, 7.10, 7.10, '2023-02-06'),
(468, 23, 28, 3.60, 3.60, '2023-02-06'),
(469, 25, 29, 1.60, 1.60, '2023-02-06'),
(470, 3, 14, 3.10, 3.10, '2023-02-06'),
(471, 26, 30, 1.80, 1.80, '2023-02-06'),
(472, 2, 4, 3.50, 3.50, '2023-02-06'),
(473, 2, 5, 3.40, 3.40, '2023-02-06'),
(474, 7, 17, 4.60, 4.60, '2023-02-06'),
(475, 15, 21, 9.00, 9.00, '2023-02-06'),
(476, 12, 23, 3.10, 3.10, '2023-02-07'),
(477, 17, 25, 2.30, 2.30, '2023-02-07'),
(478, 20, 32, 3.70, 3.70, '2023-02-07'),
(479, 1, 2, 7.00, 7.00, '2023-02-07'),
(480, 1, 33, 6.80, 6.80, '2023-02-07'),
(481, 23, 28, 2.10, 2.10, '2023-02-07'),
(482, 25, 29, 2.20, 2.20, '2023-02-07'),
(483, 26, 30, 7.50, 7.50, '2023-02-07'),
(484, 7, 17, 2.60, 2.60, '2023-02-07'),
(485, 15, 21, 8.20, 8.20, '2023-02-07'),
(486, 12, 23, 3.20, 3.20, '2023-02-08'),
(487, 29, 24, 2.80, 2.80, '2023-02-08'),
(488, 17, 25, 2.50, 2.50, '2023-02-08'),
(489, 10, 13, 3.30, 3.30, '2023-02-08'),
(490, 13, 35, 8.00, 8.00, '2023-02-08'),
(491, 14, 26, 3.40, 3.40, '2023-02-08'),
(492, 30, 34, 24.00, 24.00, '2023-02-08'),
(493, 23, 28, 3.55, 3.55, '2023-02-08'),
(494, 25, 29, 2.50, 2.50, '2023-02-08'),
(495, 26, 30, 1.80, 1.80, '2023-02-08'),
(496, 2, 4, 3.50, 3.50, '2023-02-08'),
(497, 2, 5, 3.20, 3.20, '2023-02-08'),
(498, 15, 21, 9.10, 9.10, '2023-02-08'),
(499, 12, 23, 2.90, 2.90, '2023-02-09'),
(500, 29, 24, 3.10, 3.10, '2023-02-09'),
(501, 17, 25, 3.00, 3.00, '2023-02-09'),
(502, 10, 13, 4.40, 4.40, '2023-02-09'),
(503, 1, 2, 6.70, 6.70, '2023-02-09'),
(504, 1, 33, 6.70, 6.70, '2023-02-09'),
(505, 23, 28, 2.75, 2.75, '2023-02-09'),
(506, 25, 29, 2.30, 2.30, '2023-02-09'),
(507, 26, 30, 1.60, 1.60, '2023-02-09'),
(508, 2, 4, 3.30, 3.30, '2023-02-09'),
(509, 2, 5, 3.30, 3.30, '2023-02-09'),
(510, 7, 17, 2.60, 2.60, '2023-02-09'),
(511, 15, 21, 5.00, 5.00, '2023-02-09'),
(512, 12, 23, 3.00, 3.00, '2023-02-10'),
(513, 29, 24, 2.50, 2.50, '2023-02-10'),
(514, 17, 25, 3.70, 3.70, '2023-02-10'),
(515, 10, 13, 3.40, 3.40, '2023-02-10'),
(516, 23, 28, 3.00, 3.00, '2023-02-10'),
(517, 25, 29, 2.40, 2.40, '2023-02-10'),
(518, 3, 14, 4.50, 4.50, '2023-02-10'),
(519, 26, 30, 1.80, 1.80, '2023-02-10'),
(520, 2, 4, 3.50, 3.50, '2023-02-10'),
(521, 2, 5, 3.00, 3.00, '0223-02-10'),
(522, 7, 17, 2.40, 2.40, '2023-02-10'),
(523, 15, 21, 7.80, 7.80, '2023-02-10'),
(524, 12, 23, 3.00, 3.00, '2023-02-11'),
(525, 29, 24, 3.10, 3.10, '2023-02-11'),
(526, 17, 25, 4.10, 4.10, '2023-02-11'),
(527, 10, 13, 3.80, 3.80, '2023-02-11'),
(528, 13, 35, 11.80, 11.80, '2023-02-11'),
(529, 20, 32, 8.00, 8.00, '2023-02-11'),
(530, 1, 2, 6.10, 6.10, '2023-02-11'),
(531, 1, 33, 6.60, 6.60, '2023-02-11'),
(532, 30, 34, 28.00, 28.00, '2023-02-11'),
(533, 23, 28, 3.30, 3.30, '2023-02-11'),
(534, 25, 29, 2.80, 2.80, '2023-02-11'),
(535, 26, 30, 1.50, 1.50, '2023-02-11'),
(536, 2, 4, 3.50, 3.50, '2023-02-11'),
(537, 2, 5, 3.00, 3.00, '2023-02-11'),
(538, 7, 17, 4.50, 4.50, '2023-02-11'),
(539, 15, 21, 8.20, 8.20, '2023-02-11'),
(540, 12, 23, 3.20, 3.20, '2023-02-12'),
(541, 17, 25, 3.50, 3.50, '2023-02-12'),
(542, 1, 2, 3.60, 3.60, '2023-02-12'),
(543, 1, 33, 3.40, 3.00, '2023-02-12'),
(544, 23, 28, 3.50, 3.50, '2023-02-12'),
(545, 25, 29, 2.30, 2.30, '2023-02-12'),
(546, 26, 30, 1.80, 1.80, '2023-02-12'),
(547, 2, 4, 7.00, 7.00, '2023-02-12'),
(548, 2, 5, 6.00, 6.00, '2023-02-12'),
(549, 15, 21, 6.70, 6.70, '2023-02-12'),
(550, 12, 23, 3.20, 3.20, '2023-02-13'),
(551, 29, 24, 2.50, 2.50, '2023-02-13'),
(552, 17, 25, 4.00, 4.00, '2023-02-13'),
(553, 10, 13, 4.60, 4.60, '2023-02-13'),
(554, 20, 32, 7.00, 7.00, '2023-02-13'),
(555, 23, 28, 3.30, 3.30, '2023-02-13'),
(556, 25, 29, 2.00, 2.00, '2023-02-13'),
(557, 3, 14, 4.60, 4.60, '2023-02-13'),
(558, 26, 30, 1.40, 1.40, '2023-02-13'),
(559, 7, 17, 5.10, 5.10, '2023-02-13'),
(560, 15, 21, 10.30, 10.30, '2023-02-13'),
(561, 12, 23, 3.10, 3.10, '2023-02-13'),
(562, 29, 24, 5.70, 5.70, '2023-02-13'),
(563, 17, 25, 2.50, 2.50, '2023-02-13'),
(564, 10, 13, 6.70, 6.70, '2023-02-13'),
(565, 20, 32, 3.85, 3.85, '2023-02-13'),
(566, 1, 2, 6.20, 6.20, '2023-02-13'),
(567, 1, 33, 5.60, 5.60, '2023-02-13'),
(568, 23, 28, 3.30, 3.30, '2023-02-13'),
(569, 25, 29, 2.15, 2.15, '2023-02-13'),
(570, 26, 30, 1.50, 1.50, '2023-02-13'),
(571, 2, 4, 3.50, 3.50, '2023-02-13'),
(572, 2, 5, 3.40, 3.40, '2023-02-13'),
(573, 15, 21, 5.00, 5.00, '2023-02-13'),
(574, 12, 23, 3.25, 3.25, '2023-02-14'),
(575, 29, 24, 3.20, 3.20, '2023-02-14'),
(576, 17, 25, 4.00, 4.00, '2023-02-14'),
(577, 10, 13, 3.60, 3.60, '2023-02-14'),
(578, 13, 35, 8.80, 8.80, '2023-02-14'),
(579, 23, 28, 4.00, 4.00, '2023-02-14'),
(580, 25, 29, 2.40, 2.40, '2023-02-14'),
(581, 26, 30, 1.70, 1.70, '2023-02-14'),
(582, 2, 4, 3.45, 3.45, '2023-02-14'),
(583, 2, 5, 3.35, 3.35, '2023-02-14'),
(584, 7, 17, 2.25, 2.25, '2023-02-14'),
(585, 15, 21, 8.40, 8.40, '2023-02-14'),
(586, 12, 23, 3.10, 3.10, '2023-02-15'),
(587, 29, 24, 2.55, 2.55, '2023-02-15'),
(589, 17, 25, 3.50, 3.50, '2023-02-15'),
(590, 10, 13, 3.50, 3.50, '2023-02-15'),
(591, 20, 32, 6.40, 6.40, '2023-02-15'),
(592, 1, 2, 6.80, 6.80, '2023-02-15'),
(593, 1, 33, 7.20, 7.20, '2023-02-15'),
(594, 23, 28, 3.60, 3.60, '2023-02-15'),
(595, 26, 30, 1.70, 1.70, '2023-02-15'),
(596, 2, 4, 3.70, 3.70, '2023-02-15'),
(597, 2, 5, 3.80, 3.80, '2023-02-15'),
(598, 7, 17, 2.70, 2.70, '2023-02-15'),
(599, 27, 31, 2.80, 2.80, '2023-02-15'),
(600, 15, 21, 8.10, 8.10, '2023-02-15'),
(601, 12, 23, 3.00, 3.00, '2023-02-16'),
(602, 29, 24, 3.00, 3.00, '2023-02-16'),
(603, 17, 25, 4.70, 4.70, '2023-02-16'),
(604, 10, 13, 3.50, 3.50, '2023-02-16'),
(605, 13, 35, 6.00, 6.00, '2023-02-16'),
(606, 23, 28, 4.00, 4.00, '2023-02-16'),
(607, 25, 29, 3.00, 3.00, '2023-02-16'),
(608, 3, 14, 6.00, 6.00, '2023-02-16'),
(609, 26, 30, 1.70, 1.70, '2023-02-16'),
(610, 2, 4, 3.50, 3.50, '2023-02-16'),
(611, 2, 5, 4.00, 4.00, '2023-02-16'),
(612, 7, 17, 2.80, 2.80, '2023-02-16'),
(613, 15, 21, 8.50, 8.50, '2023-02-16'),
(614, 12, 23, 3.20, 3.20, '2023-02-17'),
(615, 29, 24, 2.60, 2.60, '2023-02-17'),
(616, 17, 25, 4.20, 4.20, '2023-02-17'),
(617, 10, 13, 3.10, 3.10, '2023-02-17'),
(618, 20, 32, 7.80, 7.80, '2023-02-17'),
(619, 1, 2, 6.00, 6.00, '2023-02-17'),
(620, 1, 33, 6.00, 6.00, '2023-02-17'),
(621, 25, 29, 1.60, 1.60, '2023-02-17'),
(622, 26, 30, 1.50, 1.50, '2023-02-17'),
(623, 2, 4, 6.80, 6.80, '2023-02-17'),
(624, 2, 5, 6.90, 6.90, '2023-02-17'),
(625, 7, 17, 5.30, 5.30, '2023-02-17'),
(626, 15, 21, 8.70, 8.70, '2023-02-17'),
(627, 12, 23, 3.00, 3.00, '2023-02-18'),
(628, 29, 24, 3.10, 3.10, '2023-02-18'),
(629, 17, 25, 4.00, 4.00, '2023-02-18'),
(630, 10, 13, 2.90, 2.90, '2023-02-18'),
(631, 1, 2, 3.80, 3.80, '2023-02-18'),
(632, 1, 33, 3.70, 3.70, '2023-02-18'),
(633, 23, 28, 4.50, 4.50, '2023-02-18'),
(634, 26, 30, 1.50, 1.50, '2023-02-18'),
(635, 2, 4, 3.50, 3.50, '2023-02-18'),
(636, 2, 5, 3.50, 3.50, '2023-02-18'),
(637, 7, 17, 2.80, 2.80, '2023-02-18'),
(638, 15, 21, 6.50, 6.50, '2023-02-18'),
(639, 12, 23, 3.00, 3.00, '2023-02-19'),
(640, 29, 24, 3.30, 3.30, '2023-02-19'),
(641, 17, 25, 2.80, 2.80, '2023-02-19'),
(642, 10, 13, 4.30, 4.30, '2023-02-19'),
(643, 20, 32, 7.00, 7.00, '2023-02-19'),
(644, 23, 28, 4.00, 4.00, '2023-02-19'),
(645, 25, 29, 3.50, 3.50, '2023-02-19'),
(646, 3, 14, 4.30, 4.30, '2023-02-19'),
(647, 26, 30, 1.50, 1.50, '2023-02-19'),
(648, 2, 4, 3.50, 3.50, '2023-02-19'),
(649, 2, 5, 3.50, 3.50, '2023-02-19'),
(650, 15, 21, 9.00, 9.00, '2023-02-19'),
(651, 12, 23, 2.80, 2.80, '2023-02-20'),
(652, 29, 24, 2.80, 2.80, '2023-02-20'),
(653, 17, 25, 4.25, 4.25, '2023-02-20'),
(654, 10, 13, 3.60, 3.60, '2023-02-20'),
(655, 13, 35, 9.70, 9.70, '2023-02-20'),
(656, 20, 32, 4.90, 4.90, '2023-02-20'),
(657, 23, 28, 3.20, 3.20, '2023-02-20'),
(658, 25, 29, 2.10, 2.10, '2023-02-20'),
(659, 26, 30, 1.20, 1.20, '2023-02-20'),
(660, 7, 17, 2.60, 2.60, '2023-02-20'),
(661, 15, 21, 8.30, 8.30, '2023-02-20'),
(662, 12, 23, 2.75, 2.75, '2023-02-21'),
(663, 17, 25, 4.40, 4.40, '2023-02-21'),
(664, 13, 35, 2.20, 2.20, '2023-02-21'),
(665, 1, 2, 6.25, 6.25, '2023-02-21'),
(666, 1, 33, 6.25, 6.25, '2023-02-21'),
(667, 23, 28, 4.25, 4.25, '2023-02-21'),
(668, 25, 29, 1.65, 1.65, '2023-02-21'),
(669, 3, 14, 2.45, 2.45, '2023-02-21'),
(670, 26, 30, 1.30, 1.30, '2023-02-21'),
(671, 2, 4, 3.50, 3.50, '2023-02-21'),
(672, 26, 30, 3.25, 3.25, '2023-02-21'),
(673, 7, 17, 3.40, 3.40, '2023-02-21'),
(674, 15, 21, 7.80, 7.80, '2023-02-21'),
(675, 12, 23, 2.75, 2.75, '2023-02-22'),
(676, 29, 24, 6.10, 6.10, '2023-02-22'),
(677, 17, 25, 4.00, 4.00, '2023-02-22'),
(678, 10, 13, 6.80, 6.80, '2023-02-22'),
(679, 20, 32, 5.45, 5.45, '2023-02-22'),
(680, 1, 2, 6.20, 6.20, '2023-02-22'),
(681, 1, 33, 6.20, 6.20, '2023-02-22'),
(682, 23, 28, 3.20, 3.20, '2023-02-22'),
(683, 25, 29, 2.15, 2.15, '2023-02-22'),
(684, 26, 30, 1.25, 1.25, '2023-02-22'),
(685, 2, 4, 7.25, 7.25, '2023-02-22'),
(686, 2, 5, 6.65, 6.65, '2023-02-22'),
(687, 7, 17, 3.20, 3.20, '2023-02-22'),
(688, 15, 21, 7.70, 7.70, '2023-02-22'),
(689, 12, 23, 2.70, 2.70, '2023-02-23'),
(690, 29, 24, 3.20, 3.20, '2023-02-23'),
(691, 17, 25, 3.00, 3.00, '2023-02-23'),
(692, 10, 13, 3.30, 3.30, '2023-02-23'),
(693, 23, 28, 5.00, 5.00, '2023-02-23'),
(694, 25, 29, 3.50, 3.50, '2023-02-23'),
(695, 26, 30, 1.50, 1.50, '2023-02-23'),
(696, 2, 4, 3.50, 3.50, '2023-02-23'),
(697, 2, 5, 3.00, 3.00, '2023-02-23'),
(698, 7, 17, 2.60, 2.60, '2023-02-23'),
(699, 15, 21, 7.90, 7.90, '2023-02-23'),
(700, 12, 23, 2.70, 2.70, '2023-02-24'),
(701, 29, 24, 3.70, 3.70, '2023-02-24'),
(702, 17, 25, 4.10, 4.10, '2023-02-24'),
(703, 10, 13, 3.50, 3.50, '2023-02-24'),
(704, 20, 32, 8.00, 8.00, '2023-02-24'),
(705, 1, 2, 6.60, 6.60, '2023-02-24'),
(706, 1, 33, 5.20, 5.20, '2023-02-24'),
(707, 23, 28, 2.00, 2.00, '2023-02-24'),
(708, 25, 29, 3.00, 3.00, '2023-02-24'),
(709, 2, 4, 3.50, 3.50, '2023-02-24'),
(710, 2, 5, 3.00, 3.00, '2023-02-24'),
(711, 7, 17, 2.80, 2.80, '2023-02-24'),
(712, 15, 21, 6.00, 6.00, '2023-02-24'),
(713, 12, 23, 2.70, 2.70, '2023-02-25'),
(714, 29, 24, 3.50, 3.50, '2023-02-25'),
(715, 17, 25, 3.80, 3.80, '2023-02-25'),
(716, 10, 13, 3.70, 3.70, '2023-02-25'),
(717, 30, 34, 30.00, 30.00, '2023-02-25'),
(718, 23, 28, 4.00, 4.00, '2023-02-25'),
(719, 26, 30, 2.60, 2.60, '2023-02-25'),
(720, 2, 4, 3.50, 3.50, '2023-02-25'),
(721, 2, 5, 3.00, 3.00, '2023-02-25'),
(722, 7, 17, 3.00, 3.00, '2023-02-25'),
(723, 15, 21, 8.20, 8.20, '2023-02-25'),
(724, 12, 23, 2.70, 2.70, '2023-02-26'),
(725, 29, 24, 3.00, 3.00, '2023-02-26'),
(726, 17, 25, 3.70, 3.70, '2023-02-26'),
(727, 10, 13, 3.60, 3.60, '2023-02-26'),
(728, 20, 32, 8.00, 8.00, '2023-02-26'),
(729, 1, 2, 7.00, 7.00, '2023-02-26'),
(730, 1, 33, 6.60, 6.60, '2023-02-26'),
(731, 23, 28, 4.00, 4.00, '2023-02-26'),
(732, 25, 29, 2.30, 2.30, '2023-02-26'),
(733, 3, 14, 3.50, 3.50, '2023-02-26'),
(734, 26, 30, 1.00, 1.00, '2023-02-26'),
(735, 2, 4, 3.50, 3.50, '2023-02-26'),
(736, 2, 5, 3.00, 3.00, '2023-02-26'),
(737, 7, 17, 2.70, 2.70, '2023-02-26'),
(738, 15, 21, 7.90, 7.90, '2023-02-26'),
(739, 12, 23, 2.70, 2.70, '2023-02-27'),
(740, 17, 25, 3.50, 3.50, '2023-02-27'),
(741, 20, 32, 3.85, 3.85, '2023-02-27'),
(742, 23, 28, 3.70, 3.70, '2023-02-27'),
(743, 25, 29, 1.30, 1.30, '2023-02-27'),
(744, 26, 30, 1.25, 1.25, '2023-02-27'),
(745, 7, 17, 5.35, 5.35, '2023-02-27'),
(746, 15, 21, 9.80, 9.80, '2023-02-27'),
(747, 29, 24, 6.20, 6.20, '2023-02-28'),
(748, 17, 25, 3.70, 3.70, '2023-02-28'),
(749, 10, 13, 7.90, 7.90, '2023-02-28'),
(750, 20, 32, 3.30, 3.30, '2023-02-28'),
(751, 1, 2, 3.20, 3.20, '2023-02-28'),
(752, 1, 33, 3.30, 3.30, '2023-02-28'),
(753, 23, 28, 4.00, 4.00, '2023-02-28'),
(754, 26, 30, 1.20, 1.20, '2023-02-28'),
(755, 2, 4, 3.50, 3.50, '2023-02-28'),
(756, 2, 5, 3.00, 3.00, '2023-02-28'),
(757, 15, 21, 4.90, 4.90, '2023-02-28');

-- --------------------------------------------------------

--
-- Table structure for table `productlist`
--

CREATE TABLE `productlist` (
  `ProductID` int(11) NOT NULL,
  `Name` text NOT NULL,
  `Description` text DEFAULT NULL,
  `measure` int(25) NOT NULL,
  `Unit` text NOT NULL,
  `price` decimal(19,3) NOT NULL,
  `prod_time` int(50) NOT NULL,
  `batch_amount` int(25) NOT NULL,
  `pack` varchar(25) NOT NULL
) ENGINE=InnoDB DEFAULT CHARSET=utf8mb4 COLLATE=utf8mb4_general_ci;

--
-- Dumping data for table `productlist`
--

INSERT INTO `productlist` (`ProductID`, `Name`, `Description`, `measure`, `Unit`, `price`, `prod_time`, `batch_amount`, `pack`) VALUES
(102, 'Choco Milk', 'Flavored Milk', 200, 'ml', 22.000, 3600, 26, 'Bottle'),
(104, 'Melon Flavored Milk', 'flavored milk', 200, 'ml', 22.000, 5340, 26, 'Bottle'),
(105, 'Pandan Flavored Milk', 'flavored milk', 200, 'ml', 22.000, 5400, 26, 'Bottle'),
(107, 'Strawberry Flavored Milk', 'flavored milk', 200, 'ml', 22.000, 5400, 26, 'Bottle'),
(108, 'Ube Flavored Milk', 'flavored milk', 200, 'ml', 22.000, 5400, 26, 'Bottle'),
(109, 'White Cheese', 'Cheese', 600, 'g', 700.000, 7200, 1, 'Pouch'),
(110, 'Pastillas', 'Pastillas', 500, 'g', 50.000, 9000, 5, 'Pouch'),
(111, 'Tone Milk', 'Pasteurized Milk', 200, 'ml', 19.000, 9000, 750, 'Pouch');

-- --------------------------------------------------------

--
-- Table structure for table `product_stock`
--

CREATE TABLE `product_stock` (
  `TransactionID` int(11) NOT NULL,
  `ProductID` int(11) DEFAULT NULL,
  `stock_in` int(11) DEFAULT NULL,
  `stock_out` int(11) DEFAULT NULL,
  `TransactionDate` date DEFAULT NULL
) ENGINE=InnoDB DEFAULT CHARSET=utf8mb4 COLLATE=utf8mb4_general_ci;

--
-- Dumping data for table `product_stock`
--

INSERT INTO `product_stock` (`TransactionID`, `ProductID`, `stock_in`, `stock_out`, `TransactionDate`) VALUES
(80, 110, 5, 0, '2024-02-20'),
(81, 111, 750, 0, '2024-02-20'),
(89, 107, 0, 2, '2024-02-21'),
(90, 104, 0, 2, '2024-02-21'),
(92, 104, 0, 5, '2024-02-21'),
(93, 105, 0, 2, '2024-02-21'),
(94, 107, 0, 4, '2024-02-21'),
(95, 110, 0, 1, '2024-02-21'),
(96, 111, 0, 10, '2024-02-21'),
(98, 110, 0, 3, '2024-02-21'),
(99, 105, 0, 5, '2024-02-21'),
(100, 104, 0, 5, '2024-02-21'),
(101, 102, 0, 5, '2024-02-21'),
(102, 107, 0, 5, '2024-02-21'),
(103, 111, 0, 3, '2024-02-21'),
(104, 107, 0, 7, '2024-02-21'),
(105, 102, 0, 7, '2024-02-21'),
(106, 105, 0, 5, '2024-02-21'),
(107, 109, 2, 0, '2024-02-21'),
(108, 110, 15, 0, '2024-02-21'),
(109, 107, 26, 0, '2024-02-21'),
(110, 108, 52, 0, '2024-02-21'),
(111, 109, 1, 0, '2024-02-21'),
(112, 109, 1, 0, '2024-02-21'),
(113, 110, 60, 0, '2024-02-21'),
(114, 109, 6, 0, '2024-02-21'),
(115, 109, 0, 3, '2024-02-21'),
(116, 108, 0, 15, '2024-02-21'),
(117, 102, 0, 14, '2024-02-21'),
(118, 105, 0, 14, '2024-02-21'),
(119, 111, 0, 110, '2024-02-21'),
(120, 110, 0, 10, '2024-02-21'),
(121, 104, 0, 14, '2024-02-21'),
(122, 111, 0, 100, '2024-02-21'),
(123, 108, 0, 37, '2024-02-21'),
(124, 111, 0, 150, '2024-02-21'),
(125, 110, 0, 65, '2024-02-21'),
(126, 107, 0, 34, '2024-02-21'),
(127, 111, 0, 140, '2024-02-21'),
(128, 102, 26, 0, '2024-02-21'),
(129, 104, 78, 0, '2024-02-21'),
(130, 105, 78, 0, '2024-02-21'),
(131, 109, 48, 0, '2024-02-21'),
(132, 107, 26, 0, '2024-02-22');

-- --------------------------------------------------------

--
-- Table structure for table `purchases`
--

CREATE TABLE `purchases` (
  `id` int(11) NOT NULL,
  `RawMaterialID` int(11) DEFAULT NULL,
  `buyer` varchar(255) DEFAULT NULL,
  `PurchaseDate` date DEFAULT NULL,
  `arrived_date` date NOT NULL DEFAULT current_timestamp(),
  `qty_purchased` int(11) DEFAULT NULL,
  `unit` varchar(25) NOT NULL,
  `p_amount` decimal(19,3) NOT NULL,
  `status` tinytext DEFAULT NULL
) ENGINE=InnoDB DEFAULT CHARSET=utf8mb4 COLLATE=utf8mb4_general_ci;

--
-- Dumping data for table `purchases`
--

INSERT INTO `purchases` (`id`, `RawMaterialID`, `buyer`, `PurchaseDate`, `arrived_date`, `qty_purchased`, `unit`, `p_amount`, `status`) VALUES
(13, 201, '9', '2024-02-21', '2024-02-21', 100, 'Kg', 4200.000, '1'),
(14, 202, '9', '2024-02-21', '2024-02-21', 4, 'L', 2500.000, '1'),
(15, 203, '9', '2024-02-21', '2024-02-21', 50, 'Kg', 4870.000, '1'),
(16, 204, '9', '2024-02-21', '2024-02-21', 1, 'Kg', 38.000, '1'),
(17, 207, '9', '2024-02-21', '2024-02-21', 1, 'Kg', 1850.000, '1'),
(18, 209, '9', '2024-02-21', '2024-02-21', 1, 'L', 55.000, '1'),
(19, 208, '9', '2024-02-21', '2024-02-21', 50, 'Kg', 650.000, '1'),
(20, 210, '9', '2024-02-21', '2024-02-21', 50, 'Kg', 7250.000, '1'),
(21, 206, '8', '2024-02-21', '2024-02-21', 400, 'L', 500.000, '1');

-- --------------------------------------------------------

--
-- Table structure for table `rawmaterials`
--

CREATE TABLE `rawmaterials` (
  `RawMaterialID` int(11) NOT NULL,
  `Name` text NOT NULL,
  `Unit` text NOT NULL,
  `price` decimal(19,2) NOT NULL
) ENGINE=InnoDB DEFAULT CHARSET=utf8mb4 COLLATE=utf8mb4_general_ci;

--
-- Dumping data for table `rawmaterials`
--

INSERT INTO `rawmaterials` (`RawMaterialID`, `Name`, `Unit`, `price`) VALUES
(201, 'Sugar', 'Kg', 84.00),
(202, 'Flavoring', 'L', 0.63),
(203, 'Skim Milk', 'Kg', 97.40),
(204, 'Corn Starch', 'Mg', 0.04),
(205, 'Raw Milk', 'L', 80.00),
(206, 'Mineral Water', 'L', 1.00),
(207, 'Rennet', 'Mg', 1.85),
(208, 'Salt', 'Kg', 13.00),
(209, 'Red Cane', 'Kg', 55.00),
(210, 'Powder Milk', 'Kg', 145.00);

-- --------------------------------------------------------

--
-- Table structure for table `rawmilk`
--

CREATE TABLE `rawmilk` (
  `rawmilk_id` int(11) NOT NULL,
  `daily_total` float NOT NULL,
  `transaction_day` date NOT NULL
) ENGINE=InnoDB DEFAULT CHARSET=utf8mb4 COLLATE=utf8mb4_general_ci;

--
-- Dumping data for table `rawmilk`
--

INSERT INTO `rawmilk` (`rawmilk_id`, `daily_total`, `transaction_day`) VALUES
(4, 0, '2024-01-22'),
(5, 0, '2024-01-23'),
(6, 0, '2024-01-24'),
(7, 0, '2024-01-25'),
(8, 16, '2024-01-29'),
(9, 0, '2024-01-30'),
(10, 0, '2024-01-31'),
(11, 0, '2024-02-01'),
(12, 0, '2024-02-03'),
(13, 0, '2024-02-05'),
(14, 0, '2024-02-06'),
(15, -13, '2024-02-07');

-- --------------------------------------------------------

--
-- Table structure for table `sales`
--

CREATE TABLE `sales` (
  `SaleID` varchar(20) NOT NULL,
  `CustomerID` int(11) DEFAULT NULL,
  `SaleDate` date DEFAULT NULL,
  `TotalAmount` decimal(10,2) DEFAULT NULL
) ENGINE=InnoDB DEFAULT CHARSET=utf8mb4 COLLATE=utf8mb4_general_ci;

--
-- Dumping data for table `sales`
--

INSERT INTO `sales` (`SaleID`, `CustomerID`, `SaleDate`, `TotalAmount`) VALUES
('SO-01', 1, '2023-01-02', 220.00),
('SO-02', 2, '2023-01-10', 138.00),
('SO-03', 4, '2023-01-10', 292.00),
('SO-04', 3, '2023-01-06', 1070.00),
('SO-05', 5, '2023-01-10', 506.00),
('SO-06', 6, '2023-11-01', 154.00),
('SO-07', 8, '2023-12-01', 154.00),
('SO-08', 9, '2023-12-01', 110.00),
('SO-09', 18, '2023-01-22', 2430.00),
('SO-10', 17, '2023-02-26', 308.00),
('SO-11', 16, '2023-01-25', 308.00),
('SO-12', 15, '2023-01-25', 2420.00),
('SO-13', 10, '2023-01-17', 500.00),
('SO-14', 15, '2023-01-26', 308.00),
('SO-15', 11, '2023-01-28', 3014.00),
('SO-16', 13, '2023-01-29', 3300.00),
('SO-18', 9, '2023-01-29', 3080.00);

-- --------------------------------------------------------

--
-- Table structure for table `salesitems`
--

CREATE TABLE `salesitems` (
  `SalesItemID` int(11) NOT NULL,
  `SaleID` varchar(20) DEFAULT NULL,
  `ProductID` int(11) DEFAULT NULL,
  `quantity` int(11) DEFAULT NULL,
  `price` decimal(10,2) DEFAULT NULL
) ENGINE=InnoDB DEFAULT CHARSET=utf8mb4 COLLATE=utf8mb4_general_ci;

--
-- Dumping data for table `salesitems`
--

INSERT INTO `salesitems` (`SalesItemID`, `SaleID`, `ProductID`, `quantity`, `price`) VALUES
(75, 'SO-01', 111, 10, 22.00),
(76, 'SO-02', 107, 2, 22.00),
(77, 'SO-02', 104, 2, 22.00),
(78, 'SO-02', 110, 1, 50.00),
(79, 'SO-03', 104, 5, 22.00),
(80, 'SO-03', 105, 2, 22.00),
(81, 'SO-03', 107, 4, 22.00),
(82, 'SO-03', 110, 1, 50.00),
(83, 'SO-04', 111, 10, 22.00),
(84, 'SO-04', 109, 1, 700.00),
(85, 'SO-04', 110, 3, 50.00),
(86, 'SO-05', 105, 5, 22.00),
(87, 'SO-05', 104, 5, 22.00),
(88, 'SO-05', 102, 5, 22.00),
(89, 'SO-05', 107, 5, 22.00),
(90, 'SO-05', 111, 3, 22.00),
(91, 'SO-06', 107, 7, 22.00),
(92, 'SO-07', 102, 7, 22.00),
(93, 'SO-08', 105, 5, 22.00),
(94, 'SO-09', 109, 3, 700.00),
(95, 'SO-09', 108, 15, 22.00),
(96, 'SO-10', 102, 14, 22.00),
(97, 'SO-11', 105, 14, 22.00),
(98, 'SO-12', 111, 110, 22.00),
(99, 'SO-13', 110, 10, 50.00),
(100, 'SO-14', 104, 14, 22.00),
(101, 'SO-15', 111, 100, 22.00),
(102, 'SO-15', 108, 37, 22.00),
(103, 'SO-16', 111, 150, 22.00),
(106, 'SO-18', 111, 140, 22.00);

-- --------------------------------------------------------

--
-- Table structure for table `stock`
--

CREATE TABLE `stock` (
  `StockID` int(11) NOT NULL,
  `RawMaterialID` int(11) DEFAULT NULL,
  `stock_in` int(11) NOT NULL,
  `stock_out` int(11) NOT NULL,
  `unit` varchar(20) DEFAULT NULL,
  `transaction_date` date DEFAULT NULL
) ENGINE=InnoDB DEFAULT CHARSET=utf8mb4 COLLATE=utf8mb4_general_ci;

--
-- Dumping data for table `stock`
--

INSERT INTO `stock` (`StockID`, `RawMaterialID`, `stock_in`, `stock_out`, `unit`, `transaction_date`) VALUES
(306, 205, 3500, 0, 'ml', '2023-01-01'),
(307, 205, 3200, 0, 'ml', '2023-01-01'),
(311, 205, 2380, 0, 'ml', '2023-01-17'),
(312, 205, 7000, 0, 'ml', '2023-01-17'),
(313, 205, 6990, 0, 'ml', '2023-01-17'),
(314, 205, 7340, 0, 'ml', '2023-01-17'),
(315, 205, 6720, 0, 'ml', '2023-01-17'),
(316, 205, 3500, 0, 'ml', '2023-01-16'),
(317, 205, 3500, 0, 'ml', '2023-01-16'),
(318, 205, 9900, 0, 'ml', '2023-01-15'),
(319, 205, 3000, 0, 'ml', '2023-01-15'),
(320, 205, 4800, 0, 'ml', '2023-01-15'),
(321, 205, 4300, 0, 'ml', '2023-01-15'),
(322, 205, 2300, 0, 'ml', '2023-01-15'),
(323, 205, 20000, 0, 'ml', '2023-01-15'),
(324, 205, 3200, 0, 'ml', '2023-01-15'),
(325, 205, 4100, 0, 'ml', '2023-01-15'),
(326, 205, 5000, 0, 'ml', '2023-01-15'),
(327, 205, 4100, 0, 'ml', '2023-01-15'),
(328, 205, 5100, 0, 'ml', '2023-01-15'),
(329, 205, 3700, 0, 'ml', '2023-01-15'),
(330, 205, 2100, 0, 'ml', '2023-01-15'),
(331, 205, 600, 0, 'ml', '2023-01-15'),
(332, 205, 3700, 0, 'ml', '2023-01-15'),
(333, 205, 6500, 0, 'ml', '2023-01-14'),
(334, 205, 2000, 0, 'ml', '2023-01-14'),
(335, 205, 6200, 0, 'ml', '2023-01-14'),
(336, 205, 4500, 0, 'ml', '2023-01-14'),
(337, 205, 0, 0, 'ml', '2023-01-14'),
(338, 205, 4000, 0, 'ml', '2023-01-14'),
(339, 205, 2200, 0, 'ml', '2023-01-14'),
(340, 205, 3500, 0, 'ml', '2023-01-14'),
(341, 205, 2300, 0, 'ml', '2023-01-14'),
(342, 205, 7000, 0, 'ml', '2023-01-14'),
(343, 205, 3700, 0, 'ml', '2023-01-14'),
(344, 205, 7000, 0, 'ml', '2023-01-14'),
(345, 205, 4000, 0, 'ml', '2023-01-14'),
(346, 205, 4100, 0, 'ml', '2023-01-14'),
(347, 205, 400, 0, 'ml', '2023-01-14'),
(348, 205, 8700, 0, 'ml', '2023-01-13'),
(349, 205, 3700, 0, 'ml', '2023-01-13'),
(350, 205, 3350, 0, 'ml', '2023-01-13'),
(351, 205, 8800, 0, 'ml', '2023-01-13'),
(352, 205, 300, 0, 'ml', '2023-01-13'),
(353, 205, 250, 0, 'ml', '2023-01-13'),
(354, 205, 1500, 0, 'ml', '2023-01-13'),
(355, 205, 2300, 0, 'ml', '2023-01-13'),
(356, 205, 7300, 0, 'ml', '2023-01-13'),
(357, 205, 0, 0, 'ml', '2023-01-13'),
(358, 205, 4000, 0, 'ml', '2023-01-13'),
(359, 205, 5750, 0, 'ml', '2023-01-13'),
(360, 205, 6350, 0, 'ml', '2023-01-13'),
(361, 205, 4300, 0, 'ml', '2023-01-13'),
(362, 205, 3200, 0, 'ml', '2023-01-13'),
(363, 205, 4350, 0, 'ml', '2023-01-13'),
(364, 205, 3550, 0, 'ml', '2023-01-13'),
(372, 205, 7900, 0, 'ml', '2023-01-12'),
(373, 205, 3750, 0, 'ml', '2023-01-12'),
(374, 205, 4200, 0, 'ml', '2023-01-12'),
(375, 205, 4250, 0, 'ml', '2023-01-12'),
(376, 205, 2750, 0, 'ml', '2023-01-12'),
(377, 205, 2450, 0, 'ml', '2023-01-12'),
(378, 205, 6400, 0, 'ml', '2023-01-12'),
(379, 205, 9000, 0, 'ml', '2023-01-12'),
(380, 205, 8500, 0, 'ml', '2023-01-12'),
(381, 205, 3600, 0, 'ml', '2023-01-12'),
(382, 205, 9000, 0, 'ml', '2023-01-12'),
(383, 205, 3450, 0, 'ml', '2023-01-12'),
(384, 205, 8000, 0, 'ml', '2023-01-11'),
(385, 205, 3150, 0, 'ml', '2023-01-11'),
(386, 205, 3000, 0, 'ml', '2023-01-11'),
(387, 205, 4200, 0, 'ml', '2023-01-11'),
(388, 205, 4300, 0, 'ml', '2023-01-11'),
(389, 205, 2200, 0, 'ml', '2023-01-11'),
(390, 205, 3000, 0, 'ml', '2023-01-11'),
(391, 205, 2700, 0, 'ml', '2023-01-11'),
(392, 205, 2500, 0, 'ml', '2023-01-11'),
(393, 205, 17000, 0, 'ml', '2023-01-11'),
(394, 205, 6200, 0, 'ml', '2023-01-11'),
(395, 205, 4200, 0, 'ml', '2023-01-11'),
(396, 205, 9600, 0, 'ml', '2023-01-11'),
(397, 205, 3150, 0, 'ml', '2023-01-11'),
(398, 205, 3800, 0, 'ml', '2023-01-11'),
(399, 205, 8000, 0, 'ml', '2023-01-10'),
(400, 205, 7000, 0, 'ml', '2023-01-10'),
(401, 205, 2400, 0, 'ml', '2023-01-10'),
(402, 205, 3000, 0, 'ml', '2023-01-10'),
(403, 205, 2800, 0, 'ml', '2023-01-10'),
(404, 205, 7100, 0, 'ml', '2023-01-10'),
(405, 205, 7100, 0, 'ml', '2023-01-10'),
(406, 205, 4700, 0, 'ml', '2023-01-10'),
(407, 205, 3600, 0, 'ml', '2023-01-10'),
(408, 205, 3200, 0, 'ml', '2023-01-10'),
(409, 205, 4200, 0, 'ml', '2023-01-10'),
(410, 205, 3600, 0, 'ml', '2023-01-10'),
(411, 205, 8400, 0, 'ml', '2023-01-09'),
(412, 205, 4700, 0, 'ml', '2023-01-09'),
(413, 205, 3400, 0, 'ml', '2023-01-09'),
(414, 205, 4500, 0, 'ml', '2023-01-09'),
(415, 205, 4500, 0, 'ml', '2023-01-09'),
(416, 205, 3800, 0, 'ml', '2023-01-09'),
(417, 205, 4700, 0, 'ml', '2023-01-09'),
(418, 205, 2300, 0, 'ml', '2023-01-09'),
(419, 205, 2800, 0, 'ml', '2023-01-09'),
(420, 205, 2100, 0, 'ml', '2023-01-09'),
(421, 205, 2700, 0, 'ml', '2023-01-09'),
(422, 205, 6050, 0, 'ml', '2023-01-09'),
(423, 205, 3800, 0, 'ml', '2023-01-09'),
(424, 205, 7650, 0, 'ml', '2023-01-09'),
(425, 205, 3600, 0, 'ml', '2023-01-09'),
(426, 205, 6800, 0, 'ml', '2023-01-08'),
(427, 205, 3000, 0, 'ml', '2023-01-08'),
(428, 205, 4000, 0, 'ml', '2023-01-08'),
(429, 205, 4000, 0, 'ml', '2023-01-08'),
(430, 205, 3300, 0, 'ml', '2023-01-08'),
(431, 205, 2900, 0, 'ml', '2023-01-08'),
(432, 205, 6100, 0, 'ml', '2023-01-08'),
(433, 205, 8700, 0, 'ml', '2023-01-08'),
(434, 205, 2100, 0, 'ml', '2023-01-08'),
(435, 205, 1500, 0, 'ml', '2023-01-08'),
(436, 205, 3200, 0, 'ml', '2023-01-08'),
(437, 205, 12800, 0, 'ml', '2023-01-08'),
(438, 205, 3700, 0, 'ml', '2023-01-08'),
(439, 205, 0, 0, 'ml', '2023-01-08'),
(440, 205, 4000, 0, 'ml', '2023-01-08'),
(441, 205, 8600, 0, 'ml', '2023-01-07'),
(442, 205, 6450, 0, 'ml', '2023-01-07'),
(443, 205, 4200, 0, 'ml', '2023-01-07'),
(444, 205, 4000, 0, 'ml', '2023-01-07'),
(445, 205, 2100, 0, 'ml', '2023-01-07'),
(446, 205, 2900, 0, 'ml', '2023-01-07'),
(447, 205, 2650, 0, 'ml', '2023-01-07'),
(448, 205, 20000, 0, 'ml', '2023-01-07'),
(449, 205, 200, 0, 'ml', '2023-01-07'),
(450, 205, 3500, 0, 'ml', '2023-01-07'),
(451, 205, 5600, 0, 'ml', '2023-01-07'),
(452, 205, 3000, 0, 'ml', '2023-01-07'),
(453, 205, 3800, 0, 'ml', '2023-01-07'),
(454, 205, 3400, 0, 'ml', '2023-01-07'),
(455, 205, 3850, 0, 'ml', '2023-01-07'),
(456, 205, 8600, 0, 'ml', '2023-01-06'),
(457, 205, 2300, 0, 'ml', '2023-01-06'),
(458, 205, 4800, 0, 'ml', '2023-01-06'),
(459, 205, 3800, 0, 'ml', '2023-01-06'),
(460, 205, 2200, 0, 'ml', '2023-01-06'),
(461, 205, 3000, 0, 'ml', '2023-01-06'),
(462, 205, 14100, 0, 'ml', '2023-01-06'),
(463, 205, 3200, 0, 'ml', '2023-01-06'),
(464, 205, 3500, 0, 'ml', '2023-01-06'),
(465, 205, 2300, 0, 'ml', '2023-01-06'),
(466, 205, 3600, 0, 'ml', '2023-01-06'),
(467, 205, 8700, 0, 'ml', '2023-01-05'),
(468, 205, 3000, 0, 'ml', '2023-01-01'),
(469, 205, 4600, 0, 'ml', '2023-01-05'),
(470, 205, 8800, 0, 'ml', '2023-01-05'),
(471, 205, 9400, 0, 'ml', '2023-01-05'),
(472, 205, 2300, 0, 'ml', '2023-01-05'),
(473, 205, 3700, 0, 'ml', '2023-01-05'),
(474, 205, 3000, 0, 'ml', '2023-01-05'),
(475, 205, 4300, 0, 'ml', '2023-01-05'),
(476, 205, 3400, 0, 'ml', '2023-01-05'),
(477, 205, 5700, 0, 'ml', '2023-01-05'),
(478, 205, 3400, 0, 'ml', '2023-01-05'),
(479, 205, 4000, 0, 'ml', '2023-01-05'),
(480, 205, 3300, 0, 'ml', '2023-01-05'),
(481, 205, 3600, 0, 'ml', '2023-01-05'),
(482, 205, 8600, 0, 'ml', '2023-01-04'),
(483, 205, 4300, 0, 'ml', '2023-01-04'),
(484, 205, 3500, 0, 'ml', '2023-01-04'),
(485, 205, 4000, 0, 'ml', '2023-01-04'),
(486, 205, 2000, 0, 'ml', '2023-01-04'),
(487, 205, 1500, 0, 'ml', '2023-01-04'),
(488, 205, 6700, 0, 'ml', '2023-01-04'),
(489, 205, 3000, 0, 'ml', '2023-01-04'),
(490, 205, 6100, 0, 'ml', '2023-01-04'),
(491, 205, 10500, 0, 'ml', '2023-01-04'),
(492, 205, 2200, 0, 'ml', '2023-01-04'),
(493, 205, 12900, 0, 'ml', '2023-01-04'),
(494, 205, 3500, 0, 'ml', '2023-01-04'),
(495, 205, 7000, 0, 'ml', '2023-01-04'),
(496, 205, 4000, 0, 'ml', '2023-01-04'),
(497, 205, 4000, 0, 'ml', '2023-01-04'),
(498, 205, 8200, 0, 'ml', '2023-01-03'),
(499, 205, 2000, 0, 'ml', '2023-01-03'),
(500, 205, 2400, 0, 'ml', '2023-01-03'),
(501, 205, 3200, 0, 'ml', '2023-01-03'),
(502, 205, 4000, 0, 'ml', '2023-01-03'),
(503, 205, 5900, 0, 'ml', '2023-01-03'),
(504, 205, 6400, 0, 'ml', '2023-01-03'),
(505, 205, 9050, 0, 'ml', '2023-01-03'),
(506, 205, 3600, 0, 'ml', '2023-01-03'),
(507, 205, 9400, 0, 'ml', '2023-01-02'),
(508, 205, 1700, 0, 'ml', '2023-01-02'),
(509, 205, 5000, 0, 'ml', '2023-01-02'),
(510, 205, 3700, 0, 'ml', '2023-01-02'),
(511, 205, 1900, 0, 'ml', '2023-01-02'),
(512, 205, 2500, 0, 'ml', '2023-01-02'),
(513, 205, 2800, 0, 'ml', '2023-01-02'),
(514, 205, 20000, 0, 'ml', '2023-01-02'),
(515, 205, 6300, 0, 'ml', '2023-01-02'),
(516, 205, 7100, 0, 'ml', '2023-01-02'),
(517, 205, 4500, 0, 'ml', '2023-01-02'),
(518, 205, 3600, 0, 'ml', '2023-01-02'),
(519, 205, 7700, 0, 'ml', '2023-01-01'),
(520, 205, 2000, 0, 'ml', '2023-01-01'),
(521, 205, 2750, 0, 'ml', '2023-01-01'),
(522, 205, 9400, 0, 'ml', '2023-01-01'),
(523, 205, 8000, 0, 'ml', '2023-01-01'),
(524, 205, 1500, 0, 'ml', '2023-01-01'),
(525, 205, 3000, 0, 'ml', '2023-01-01'),
(526, 205, 3200, 0, 'ml', '2023-01-01'),
(527, 205, 3110, 0, 'ml', '2023-01-01'),
(528, 205, 5300, 0, 'ml', '2023-01-01'),
(529, 205, 3350, 0, 'ml', '2023-01-01'),
(530, 205, 300, 0, 'ml', '2023-01-01'),
(531, 205, 0, 2000, 'ml', '2024-02-20'),
(532, 204, 0, 28, 'g', '2024-02-20'),
(533, 201, 0, 100, 'g', '2024-02-20'),
(534, 205, 0, 4500, 'ml', '2024-02-20'),
(535, 210, 0, 10500, 'g', '2024-02-20'),
(536, 201, 0, 3000, 'g', '2024-02-20'),
(537, 203, 0, 7725, 'g', '2024-02-20'),
(538, 206, 0, 124275, 'g', '2024-02-20'),
(539, 205, 3550, 0, 'ml', '2023-01-18'),
(540, 205, 5000, 0, 'ml', '2023-01-18'),
(541, 205, 9000, 0, 'ml', '2023-02-06'),
(542, 205, 4600, 0, 'ml', '2023-02-06'),
(543, 205, 3400, 0, 'ml', '2023-02-06'),
(544, 205, 3500, 0, 'ml', '2023-02-06'),
(545, 205, 1800, 0, 'ml', '2023-02-06'),
(546, 205, 3100, 0, 'ml', '2023-02-06'),
(547, 205, 1600, 0, 'ml', '2023-02-06'),
(548, 205, 3600, 0, 'ml', '2023-02-06'),
(549, 205, 7100, 0, 'ml', '2023-02-06'),
(550, 205, 3400, 0, 'ml', '2023-02-06'),
(551, 205, 4600, 0, 'ml', '2023-02-06'),
(552, 205, 3200, 0, 'ml', '2023-02-06'),
(553, 205, 3200, 0, 'ml', '2023-02-06'),
(554, 205, 9000, 0, 'ml', '2023-02-05'),
(555, 205, 2000, 0, 'ml', '2023-01-18'),
(556, 205, 7200, 0, 'ml', '2023-02-05'),
(557, 205, 6900, 0, 'ml', '2023-02-05'),
(558, 205, 1750, 0, 'ml', '2023-02-05'),
(559, 205, 3100, 0, 'ml', '2023-02-05'),
(560, 205, 3500, 0, 'ml', '2023-02-05'),
(561, 205, 7100, 0, 'ml', '2023-02-05'),
(562, 205, 7100, 0, 'ml', '2023-02-05'),
(563, 205, 5200, 0, 'ml', '2023-02-05'),
(564, 205, 6900, 0, 'ml', '2023-02-05'),
(565, 205, 7350, 0, 'ml', '2023-02-05'),
(566, 205, 3000, 0, 'ml', '2023-02-05'),
(567, 205, 6400, 0, 'ml', '2023-02-05'),
(568, 205, 3300, 0, 'ml', '2023-02-05'),
(569, 205, 5000, 0, 'ml', '2023-02-04'),
(570, 205, 5200, 0, 'ml', '2023-02-04'),
(571, 205, 3500, 0, 'ml', '2023-02-04'),
(572, 205, 3400, 0, 'ml', '2023-02-04'),
(573, 205, 2100, 0, 'ml', '2023-02-04'),
(574, 205, 3600, 0, 'ml', '2023-02-04'),
(575, 205, 2600, 0, 'ml', '2023-02-04'),
(576, 205, 7000, 0, 'ml', '2023-02-04'),
(577, 205, 3000, 0, 'ml', '2023-02-04'),
(578, 205, 3200, 0, 'ml', '2023-02-04'),
(579, 205, 10600, 0, 'ml', '2023-02-03'),
(580, 205, 3500, 0, 'ml', '2023-02-03'),
(581, 205, 3500, 0, 'ml', '2023-02-03'),
(582, 205, 2000, 0, 'ml', '2023-02-03'),
(583, 205, 2150, 0, 'ml', '2023-02-03'),
(584, 205, 2250, 0, 'ml', '2023-02-03'),
(585, 205, 3300, 0, 'ml', '2023-02-03'),
(586, 205, 6700, 0, 'ml', '2023-02-03'),
(587, 205, 5400, 0, 'ml', '2023-02-03'),
(588, 205, 5000, 0, 'ml', '2023-02-03'),
(589, 205, 5900, 0, 'ml', '2023-02-03'),
(590, 205, 3000, 0, 'ml', '2023-02-03'),
(591, 205, 3300, 0, 'ml', '2023-02-03'),
(592, 205, 4000, 0, 'ml', '2023-02-02'),
(593, 205, 5150, 0, 'ml', '2023-02-02'),
(594, 205, 3800, 0, 'ml', '2023-02-02'),
(595, 205, 3800, 0, 'ml', '2023-02-02'),
(596, 205, 4000, 0, 'ml', '2023-02-02'),
(597, 205, 5500, 0, 'ml', '2023-02-02'),
(598, 205, 3400, 0, 'ml', '2023-02-02'),
(599, 205, 7300, 0, 'ml', '2023-02-02'),
(600, 205, 9200, 0, 'ml', '2023-02-02'),
(601, 205, 9550, 0, 'ml', '2023-02-02'),
(602, 205, 3500, 0, 'ml', '2023-02-02'),
(603, 205, 3200, 0, 'ml', '2023-02-02'),
(604, 205, 3300, 0, 'ml', '2023-02-02'),
(605, 205, 6600, 0, 'ml', '2023-02-01'),
(606, 205, 2700, 0, 'ml', '2023-02-01'),
(607, 205, 4000, 0, 'ml', '2023-02-01'),
(608, 205, 3900, 0, 'ml', '2023-02-01'),
(609, 205, 3150, 0, 'ml', '2023-02-01'),
(610, 205, 3000, 0, 'ml', '2023-02-01'),
(611, 205, 3300, 0, 'ml', '2023-02-01'),
(612, 205, 3000, 0, 'ml', '2023-02-01'),
(613, 205, 4100, 0, 'ml', '2023-02-01'),
(614, 205, 2700, 0, 'ml', '2023-02-01'),
(615, 205, 3000, 0, 'ml', '2023-02-01'),
(616, 205, 2150, 0, 'ml', '2023-02-01'),
(617, 205, 3250, 0, 'ml', '2023-02-01'),
(618, 205, 5000, 0, 'ml', '2023-01-31'),
(619, 205, 3700, 0, 'ml', '2023-01-31'),
(620, 205, 4100, 0, 'ml', '2023-01-31'),
(621, 205, 2000, 0, 'ml', '2023-01-31'),
(622, 205, 2700, 0, 'ml', '2023-01-31'),
(623, 205, 3200, 0, 'ml', '2023-01-31'),
(624, 205, 21000, 0, 'ml', '2023-01-31'),
(625, 205, 3400, 0, 'ml', '2023-01-31'),
(626, 205, 4000, 0, 'ml', '2023-01-31'),
(627, 205, 3850, 0, 'ml', '2023-01-31'),
(628, 205, 3300, 0, 'ml', '2023-01-31'),
(629, 205, 3000, 0, 'ml', '2023-01-31'),
(630, 205, 3350, 0, 'ml', '2023-01-31'),
(631, 205, 12100, 0, 'ml', '2023-01-30'),
(632, 205, 5300, 0, 'ml', '2023-01-30'),
(633, 205, 2000, 0, 'ml', '2023-01-30'),
(634, 205, 4100, 0, 'ml', '2023-01-30'),
(635, 205, 7300, 0, 'ml', '2023-01-30'),
(636, 205, 7000, 0, 'ml', '2023-01-30'),
(637, 205, 6000, 0, 'ml', '2023-01-30'),
(638, 205, 7500, 0, 'ml', '2023-01-30'),
(639, 205, 4000, 0, 'ml', '2023-01-30'),
(640, 205, 4000, 0, 'ml', '2023-01-30'),
(641, 205, 3100, 0, 'ml', '2023-01-30'),
(642, 205, 3300, 0, 'ml', '2023-01-30'),
(643, 205, 7900, 0, 'ml', '2023-01-29'),
(644, 205, 8000, 0, 'ml', '2023-01-29'),
(645, 205, 8000, 0, 'ml', '2023-01-29'),
(646, 205, 2200, 0, 'ml', '2023-01-29'),
(647, 205, 2300, 0, 'ml', '2023-01-29'),
(648, 205, 3000, 0, 'ml', '2023-01-29'),
(649, 205, 11400, 0, 'ml', '2023-01-29'),
(650, 205, 3400, 0, 'ml', '2023-01-29'),
(651, 205, 4000, 0, 'ml', '2023-01-29'),
(652, 205, 3100, 0, 'ml', '2023-01-29'),
(653, 205, 3500, 0, 'ml', '2023-01-29'),
(654, 205, 8500, 0, 'ml', '2023-01-28'),
(655, 205, 6000, 0, 'ml', '2023-01-28'),
(656, 205, 4000, 0, 'ml', '2023-01-28'),
(657, 205, 4000, 0, 'ml', '2023-01-28'),
(658, 205, 2200, 0, 'ml', '2023-01-28'),
(659, 205, 3500, 0, 'ml', '2023-01-28'),
(660, 205, 7100, 0, 'ml', '2023-01-28'),
(661, 205, 7000, 0, 'ml', '2023-01-28'),
(662, 205, 8000, 0, 'ml', '2023-01-28'),
(663, 205, 4400, 0, 'ml', '2023-01-28'),
(664, 205, 2800, 0, 'ml', '2023-01-28'),
(665, 205, 4000, 0, 'ml', '2023-01-28'),
(666, 205, 3500, 0, 'ml', '2023-01-28'),
(667, 205, 9500, 0, 'ml', '2023-01-27'),
(668, 205, 2800, 0, 'ml', '2023-01-27'),
(669, 205, 4000, 0, 'ml', '2023-01-27'),
(670, 205, 4300, 0, 'ml', '2023-01-27'),
(671, 205, 1900, 0, 'ml', '2023-01-27'),
(672, 205, 2400, 0, 'ml', '2023-01-27'),
(673, 205, 3500, 0, 'ml', '2023-01-27'),
(674, 205, 25000, 0, 'ml', '2023-01-27'),
(675, 205, 5900, 0, 'ml', '2023-01-27'),
(676, 205, 4400, 0, 'ml', '2023-01-27'),
(677, 205, 3700, 0, 'ml', '2023-01-27'),
(678, 205, 3200, 0, 'ml', '2023-01-27'),
(679, 205, 3100, 0, 'ml', '2023-01-27'),
(680, 205, 3300, 0, 'ml', '2023-01-27'),
(681, 205, 9600, 0, 'ml', '2023-01-26'),
(682, 205, 2500, 0, 'ml', '2023-01-26'),
(683, 205, 4000, 0, 'ml', '2023-01-26'),
(684, 205, 4100, 0, 'ml', '2023-01-26'),
(685, 205, 2200, 0, 'ml', '2023-01-26'),
(686, 205, 1500, 0, 'ml', '2023-01-26'),
(687, 205, 2600, 0, 'ml', '2023-01-26'),
(688, 205, 3750, 0, 'ml', '2023-01-26'),
(689, 205, 7200, 0, 'ml', '2023-01-26'),
(690, 205, 7300, 0, 'ml', '2023-01-26'),
(691, 205, 6500, 0, 'ml', '2023-01-26'),
(692, 205, 3900, 0, 'ml', '2023-01-26'),
(693, 205, 2800, 0, 'ml', '2023-01-26'),
(694, 205, 2700, 0, 'ml', '2023-01-26'),
(695, 205, 3200, 0, 'ml', '2023-01-26'),
(696, 205, 9300, 0, 'ml', '2023-01-25'),
(697, 205, 2750, 0, 'ml', '2023-01-25'),
(698, 205, 3650, 0, 'ml', '2023-01-25'),
(699, 205, 3800, 0, 'ml', '2023-01-25'),
(700, 205, 1850, 0, 'ml', '2023-01-25'),
(701, 205, 4550, 0, 'ml', '2023-01-25'),
(702, 205, 2450, 0, 'ml', '2023-01-25'),
(703, 205, 3850, 0, 'ml', '2023-01-25'),
(704, 205, 1550, 0, 'ml', '2023-01-25'),
(705, 205, 2400, 0, 'ml', '2023-01-25'),
(706, 205, 4000, 0, 'ml', '2023-01-18'),
(707, 205, 6000, 0, 'ml', '2023-01-25'),
(708, 205, 7200, 0, 'ml', '2023-01-25'),
(709, 205, 3100, 0, 'ml', '2023-01-25'),
(710, 205, 6900, 0, 'ml', '2023-01-25'),
(711, 205, 3450, 0, 'ml', '2023-01-25'),
(712, 205, 10600, 0, 'ml', '2023-01-24'),
(713, 205, 3000, 0, 'ml', '2023-01-24'),
(714, 205, 3900, 0, 'ml', '2023-01-24'),
(715, 205, 4000, 0, 'ml', '2023-01-24'),
(716, 205, 2000, 0, 'ml', '2023-01-24'),
(717, 205, 3300, 0, 'ml', '2023-01-24'),
(718, 205, 2000, 0, 'ml', '2023-01-24'),
(719, 205, 6600, 0, 'ml', '2023-01-24'),
(720, 205, 7000, 0, 'ml', '2023-01-24'),
(721, 205, 3800, 0, 'ml', '2023-01-24'),
(722, 205, 4500, 0, 'ml', '2023-01-24'),
(723, 205, 6850, 0, 'ml', '2023-01-24'),
(724, 205, 3600, 0, 'ml', '2023-01-24'),
(725, 205, 3400, 0, 'ml', '2023-01-24'),
(726, 205, 11600, 0, 'ml', '2023-01-23'),
(727, 205, 3000, 0, 'ml', '2023-01-23'),
(728, 205, 2000, 0, 'ml', '2023-01-23'),
(729, 205, 4500, 0, 'ml', '2023-01-23'),
(730, 205, 4000, 0, 'ml', '2023-01-23'),
(731, 205, 20000, 0, 'ml', '2023-01-23'),
(732, 205, 8000, 0, 'ml', '2023-01-23'),
(733, 205, 3500, 0, 'ml', '2023-01-23'),
(734, 205, 3700, 0, 'ml', '2023-01-23'),
(735, 205, 3200, 0, 'ml', '2023-01-23'),
(736, 205, 3300, 0, 'ml', '2023-01-23'),
(737, 205, 9200, 0, 'ml', '2023-01-22'),
(738, 205, 3000, 0, 'ml', '2023-01-22'),
(739, 205, 9000, 0, 'ml', '2023-01-22'),
(740, 205, 8300, 0, 'ml', '2023-01-22'),
(741, 205, 2200, 0, 'ml', '2023-01-22'),
(742, 205, 3000, 0, 'ml', '2023-01-22'),
(743, 205, 2000, 0, 'ml', '2023-01-22'),
(744, 205, 3500, 0, 'ml', '2023-01-22'),
(745, 205, 2700, 0, 'ml', '2023-01-22'),
(746, 205, 7300, 0, 'ml', '2023-01-22'),
(747, 205, 3900, 0, 'ml', '2023-01-22'),
(748, 205, 5900, 0, 'ml', '2023-01-22'),
(749, 205, 3400, 0, 'ml', '2023-01-22'),
(750, 205, 18100, 0, 'ml', '2023-01-21'),
(751, 205, 4000, 0, 'ml', '2023-01-21'),
(752, 205, 4000, 0, 'ml', '2023-01-21'),
(753, 205, 2100, 0, 'ml', '2023-01-21'),
(754, 205, 2500, 0, 'ml', '2023-01-21'),
(755, 205, 2500, 0, 'ml', '2023-01-21'),
(756, 205, 7100, 0, 'ml', '2023-01-21'),
(757, 205, 7100, 0, 'ml', '2023-01-21'),
(758, 205, 6500, 0, 'ml', '2023-01-21'),
(759, 205, 3700, 0, 'ml', '2023-01-21'),
(760, 205, 5600, 0, 'ml', '2023-01-21'),
(761, 205, 3000, 0, 'ml', '2023-01-21'),
(762, 205, 3400, 0, 'ml', '2023-01-21'),
(763, 205, 2700, 0, 'ml', '2023-01-20'),
(764, 205, 2800, 0, 'ml', '2023-01-20'),
(765, 205, 4300, 0, 'ml', '2023-01-20'),
(766, 205, 4300, 0, 'ml', '2023-01-20'),
(769, 205, 2500, 0, 'ml', '2023-01-20'),
(770, 205, 6000, 0, 'ml', '2023-01-20'),
(771, 205, 3800, 0, 'ml', '2023-10-20'),
(772, 205, 3000, 0, 'ml', '2023-01-20'),
(773, 205, 2800, 0, 'ml', '2023-10-20'),
(774, 205, 3700, 0, 'ml', '2023-01-20'),
(775, 205, 10400, 0, 'ml', '2023-01-19'),
(776, 205, 3100, 0, 'ml', '2023-01-19'),
(777, 205, 4350, 0, 'ml', '2023-01-19'),
(778, 205, 4200, 0, 'ml', '2023-01-19'),
(779, 205, 2150, 0, 'ml', '2023-01-19'),
(780, 205, 2900, 0, 'ml', '2023-01-19'),
(781, 205, 2800, 0, 'ml', '2023-01-19'),
(782, 205, 20000, 0, 'ml', '2023-01-19'),
(783, 205, 6100, 0, 'ml', '2023-01-19'),
(784, 205, 7100, 0, 'ml', '2023-01-19'),
(785, 205, 3850, 0, 'ml', '2023-01-19'),
(786, 205, 3900, 0, 'ml', '2023-01-19'),
(787, 205, 3100, 0, 'ml', '2023-01-19'),
(788, 205, 3500, 0, 'ml', '2023-01-19'),
(789, 205, 11100, 0, 'ml', '2023-01-18'),
(790, 205, 3300, 0, 'ml', '2023-01-18'),
(791, 205, 6300, 0, 'ml', '2023-01-18'),
(792, 205, 4000, 0, 'ml', '2023-01-18'),
(793, 205, 2900, 0, 'ml', '2023-01-18'),
(794, 205, 2300, 0, 'ml', '2023-01-18'),
(795, 205, 6300, 0, 'ml', '2023-01-18'),
(796, 205, 6500, 0, 'ml', '2023-01-18'),
(797, 205, 3500, 0, 'ml', '2023-01-18'),
(798, 205, 3800, 0, 'ml', '2023-01-18'),
(799, 205, 3100, 0, 'ml', '2023-02-07'),
(800, 205, 8400, 0, 'ml', '2023-02-14'),
(801, 205, 2250, 0, 'ml', '2023-02-14'),
(802, 205, 3350, 0, 'ml', '2023-02-14'),
(803, 205, 3450, 0, 'ml', '2023-02-14'),
(804, 205, 1700, 0, 'ml', '2023-02-14'),
(805, 205, 2400, 0, 'ml', '2023-02-14'),
(806, 205, 4000, 0, 'ml', '2023-02-14'),
(807, 205, 8800, 0, 'ml', '2023-02-14'),
(808, 205, 3600, 0, 'ml', '2023-02-14'),
(809, 205, 4000, 0, 'ml', '2023-02-14'),
(810, 205, 3200, 0, 'ml', '2023-02-14'),
(811, 205, 3250, 0, 'ml', '2023-02-14'),
(812, 205, 5000, 0, 'ml', '2023-02-13'),
(813, 205, 3400, 0, 'ml', '2023-02-13'),
(814, 205, 3500, 0, 'ml', '2023-02-13'),
(815, 205, 1500, 0, 'ml', '2023-02-13'),
(816, 205, 2150, 0, 'ml', '2023-02-13'),
(817, 205, 3300, 0, 'ml', '2023-02-13'),
(818, 205, 5600, 0, 'ml', '2023-02-13'),
(819, 205, 6200, 0, 'ml', '2023-02-13'),
(820, 205, 3850, 0, 'ml', '2023-02-13'),
(821, 205, 6700, 0, 'ml', '2023-02-13'),
(822, 205, 2500, 0, 'ml', '2023-02-13'),
(823, 205, 5700, 0, 'ml', '2023-02-13'),
(824, 205, 3100, 0, 'ml', '2023-02-13'),
(825, 205, 10300, 0, 'ml', '2023-02-13'),
(826, 205, 5100, 0, 'ml', '2023-02-13'),
(827, 205, 1400, 0, 'ml', '2023-02-13'),
(828, 205, 4600, 0, 'ml', '2023-02-13'),
(829, 205, 2000, 0, 'ml', '2023-02-13'),
(830, 205, 3300, 0, 'ml', '2023-02-13'),
(831, 205, 7000, 0, 'ml', '2023-02-13'),
(832, 205, 4600, 0, 'ml', '2023-02-13'),
(833, 205, 4000, 0, 'ml', '2023-02-13'),
(834, 205, 2500, 0, 'ml', '2023-02-13'),
(835, 205, 3200, 0, 'ml', '2023-02-13'),
(836, 205, 6700, 0, 'ml', '2023-02-12'),
(837, 205, 6000, 0, 'ml', '2023-02-12'),
(838, 205, 7000, 0, 'ml', '2023-02-12'),
(839, 205, 1800, 0, 'ml', '2023-02-12'),
(840, 205, 2300, 0, 'ml', '2023-02-12'),
(841, 205, 3500, 0, 'ml', '2023-02-12'),
(842, 205, 3000, 0, 'ml', '2023-02-12'),
(843, 205, 3600, 0, 'ml', '2023-02-12'),
(844, 205, 3500, 0, 'ml', '2023-02-12'),
(845, 205, 3200, 0, 'ml', '2023-02-12'),
(846, 205, 8200, 0, 'ml', '2023-02-11'),
(847, 205, 4500, 0, 'ml', '2023-02-11'),
(848, 205, 3000, 0, 'ml', '2023-02-11'),
(849, 205, 3500, 0, 'ml', '2023-02-11'),
(850, 205, 1500, 0, 'ml', '2023-02-11'),
(851, 205, 2800, 0, 'ml', '2023-02-11'),
(852, 205, 3300, 0, 'ml', '2023-02-11'),
(853, 205, 28000, 0, 'ml', '2023-02-11'),
(854, 205, 6600, 0, 'ml', '2023-02-11'),
(855, 205, 6100, 0, 'ml', '2023-02-11'),
(856, 205, 8000, 0, 'ml', '2023-02-11'),
(857, 205, 11800, 0, 'ml', '2023-02-11'),
(858, 205, 3800, 0, 'ml', '2023-02-11'),
(859, 205, 4100, 0, 'ml', '2023-02-11'),
(860, 205, 3100, 0, 'ml', '2023-02-11'),
(861, 205, 3000, 0, 'ml', '2023-02-11'),
(862, 205, 7800, 0, 'ml', '2023-02-10'),
(863, 205, 2400, 0, 'ml', '2023-02-10'),
(864, 205, 3000, 0, 'ml', '0223-02-10'),
(865, 205, 3500, 0, 'ml', '2023-02-10'),
(866, 205, 1800, 0, 'ml', '2023-02-10'),
(867, 205, 4500, 0, 'ml', '2023-02-10'),
(868, 205, 2400, 0, 'ml', '2023-02-10'),
(869, 205, 3000, 0, 'ml', '2023-02-10'),
(870, 205, 3400, 0, 'ml', '2023-02-10'),
(871, 205, 3700, 0, 'ml', '2023-02-10'),
(872, 205, 2500, 0, 'ml', '2023-02-10'),
(873, 205, 3000, 0, 'ml', '2023-02-10'),
(874, 205, 5000, 0, 'ml', '2023-02-09'),
(875, 205, 2600, 0, 'ml', '2023-02-09'),
(876, 205, 3300, 0, 'ml', '2023-02-09'),
(877, 205, 3300, 0, 'ml', '2023-02-09'),
(878, 205, 1600, 0, 'ml', '2023-02-09'),
(879, 205, 2300, 0, 'ml', '2023-02-09'),
(880, 205, 2750, 0, 'ml', '2023-02-09'),
(881, 205, 6700, 0, 'ml', '2023-02-09'),
(882, 205, 6700, 0, 'ml', '2023-02-09'),
(883, 205, 4400, 0, 'ml', '2023-02-09'),
(884, 205, 3000, 0, 'ml', '2023-02-09'),
(885, 205, 3100, 0, 'ml', '2023-02-09'),
(886, 205, 2900, 0, 'ml', '2023-02-09'),
(887, 205, 9100, 0, 'ml', '2023-02-08'),
(888, 205, 3200, 0, 'ml', '2023-02-08'),
(889, 205, 3500, 0, 'ml', '2023-02-08'),
(890, 205, 1800, 0, 'ml', '2023-02-08'),
(891, 205, 2500, 0, 'ml', '2023-02-08'),
(892, 205, 3550, 0, 'ml', '2023-02-08'),
(893, 205, 24000, 0, 'ml', '2023-02-08'),
(894, 205, 3400, 0, 'ml', '2023-02-08'),
(895, 205, 8000, 0, 'ml', '2023-02-08'),
(896, 205, 3300, 0, 'ml', '2023-02-08'),
(897, 205, 2500, 0, 'ml', '2023-02-08'),
(898, 205, 2800, 0, 'ml', '2023-02-08'),
(899, 205, 3200, 0, 'ml', '2023-02-08'),
(900, 205, 8200, 0, 'ml', '2023-02-07'),
(901, 205, 2600, 0, 'ml', '2023-02-07'),
(902, 205, 7500, 0, 'ml', '2023-02-07'),
(903, 205, 2200, 0, 'ml', '2023-02-07'),
(904, 205, 2100, 0, 'ml', '2023-02-07'),
(905, 205, 6800, 0, 'ml', '2023-02-07'),
(906, 205, 7000, 0, 'ml', '2023-02-07'),
(907, 205, 3700, 0, 'ml', '2023-02-07'),
(908, 205, 2300, 0, 'ml', '2023-02-07'),
(909, 205, 8700, 0, 'ml', '2023-02-17'),
(910, 205, 5300, 0, 'ml', '2023-02-17'),
(911, 205, 6900, 0, 'ml', '2023-02-17'),
(912, 205, 6800, 0, 'ml', '2023-02-17'),
(913, 205, 1500, 0, 'ml', '2023-02-17'),
(914, 205, 1600, 0, 'ml', '2023-02-17'),
(915, 205, 6000, 0, 'ml', '2023-02-17'),
(916, 205, 6000, 0, 'ml', '2023-02-17'),
(917, 205, 7800, 0, 'ml', '2023-02-17'),
(918, 205, 3100, 0, 'ml', '2023-02-17'),
(919, 205, 4200, 0, 'ml', '2023-02-17'),
(920, 205, 2600, 0, 'ml', '2023-02-17'),
(921, 205, 3200, 0, 'ml', '2023-02-17'),
(922, 205, 8500, 0, 'ml', '2023-02-16'),
(923, 205, 2800, 0, 'ml', '2023-02-16'),
(924, 205, 4000, 0, 'ml', '2023-02-16'),
(925, 205, 3500, 0, 'ml', '2023-02-16'),
(926, 205, 1700, 0, 'ml', '2023-02-16'),
(927, 205, 6000, 0, 'ml', '2023-02-16'),
(928, 205, 3000, 0, 'ml', '2023-02-16'),
(929, 205, 4000, 0, 'ml', '2023-02-16'),
(930, 205, 6000, 0, 'ml', '2023-02-16'),
(931, 205, 3500, 0, 'ml', '2023-02-16'),
(932, 205, 4700, 0, 'ml', '2023-02-16'),
(933, 205, 3000, 0, 'ml', '2023-02-16'),
(934, 205, 3000, 0, 'ml', '2023-02-16'),
(935, 205, 8100, 0, 'ml', '2023-02-15'),
(936, 205, 2800, 0, 'ml', '2023-02-15'),
(937, 205, 2700, 0, 'ml', '2023-02-15'),
(938, 205, 3800, 0, 'ml', '2023-02-15'),
(939, 205, 3700, 0, 'ml', '2023-02-15'),
(940, 205, 1700, 0, 'ml', '2023-02-15'),
(941, 205, 3600, 0, 'ml', '2023-02-15'),
(942, 205, 7200, 0, 'ml', '2023-02-15'),
(943, 205, 6800, 0, 'ml', '2023-02-15'),
(944, 205, 6400, 0, 'ml', '2023-02-15'),
(945, 205, 3500, 0, 'ml', '2023-02-15'),
(946, 205, 3500, 0, 'ml', '2023-02-15'),
(947, 205, 2550, 0, 'ml', '2023-02-15'),
(948, 205, 3100, 0, 'ml', '2023-02-15'),
(949, 205, 4900, 0, 'ml', '2023-02-28'),
(950, 205, 3000, 0, 'ml', '2023-02-28'),
(951, 205, 3500, 0, 'ml', '2023-02-28'),
(952, 205, 1200, 0, 'ml', '2023-02-28'),
(953, 205, 4000, 0, 'ml', '2023-02-28'),
(954, 205, 3300, 0, 'ml', '2023-02-28'),
(955, 205, 3200, 0, 'ml', '2023-02-28'),
(956, 205, 3300, 0, 'ml', '2023-02-28'),
(957, 205, 7900, 0, 'ml', '2023-02-28'),
(958, 205, 3700, 0, 'ml', '2023-02-28'),
(959, 205, 6200, 0, 'ml', '2023-02-28'),
(960, 205, 9800, 0, 'ml', '2023-02-27'),
(961, 205, 5350, 0, 'ml', '2023-02-27'),
(962, 205, 1250, 0, 'ml', '2023-02-27'),
(963, 205, 1300, 0, 'ml', '2023-02-27'),
(964, 205, 3700, 0, 'ml', '2023-02-27'),
(965, 205, 3850, 0, 'ml', '2023-02-27'),
(966, 205, 3500, 0, 'ml', '2023-02-27'),
(967, 205, 2700, 0, 'ml', '2023-02-27'),
(968, 205, 7900, 0, 'ml', '2023-02-26'),
(969, 205, 2700, 0, 'ml', '2023-02-26'),
(970, 205, 3000, 0, 'ml', '2023-02-26'),
(971, 205, 3500, 0, 'ml', '2023-02-26'),
(972, 205, 1000, 0, 'ml', '2023-02-26'),
(973, 205, 3500, 0, 'ml', '2023-02-26'),
(974, 205, 2300, 0, 'ml', '2023-02-26'),
(975, 205, 4000, 0, 'ml', '2023-02-26'),
(976, 205, 6600, 0, 'ml', '2023-02-26'),
(977, 205, 7000, 0, 'ml', '2023-02-26'),
(978, 205, 8000, 0, 'ml', '2023-02-26'),
(979, 205, 3600, 0, 'ml', '2023-02-26'),
(980, 205, 3700, 0, 'ml', '2023-02-26'),
(981, 205, 3000, 0, 'ml', '2023-02-26'),
(982, 205, 2700, 0, 'ml', '2023-02-26'),
(983, 205, 8200, 0, 'ml', '2023-02-25'),
(984, 205, 3000, 0, 'ml', '2023-02-25'),
(985, 205, 3000, 0, 'ml', '2023-02-25'),
(986, 205, 3500, 0, 'ml', '2023-02-25'),
(987, 205, 2600, 0, 'ml', '2023-02-25'),
(988, 205, 4000, 0, 'ml', '2023-02-25'),
(989, 205, 30000, 0, 'ml', '2023-02-25'),
(990, 205, 3700, 0, 'ml', '2023-02-25'),
(991, 205, 3800, 0, 'ml', '2023-02-25'),
(992, 205, 3500, 0, 'ml', '2023-02-25'),
(993, 205, 2700, 0, 'ml', '2023-02-25'),
(994, 205, 6000, 0, 'ml', '2023-02-24'),
(995, 205, 2800, 0, 'ml', '2023-02-24'),
(996, 205, 3000, 0, 'ml', '2023-02-24'),
(997, 205, 3500, 0, 'ml', '2023-02-24'),
(998, 205, 3000, 0, 'ml', '2023-02-24'),
(999, 205, 2000, 0, 'ml', '2023-02-24'),
(1000, 205, 5200, 0, 'ml', '2023-02-24'),
(1001, 205, 6600, 0, 'ml', '2023-02-24'),
(1002, 205, 8000, 0, 'ml', '2023-02-24'),
(1003, 205, 3500, 0, 'ml', '2023-02-24'),
(1004, 205, 4100, 0, 'ml', '2023-02-24'),
(1005, 205, 3700, 0, 'ml', '2023-02-24'),
(1006, 205, 2700, 0, 'ml', '2023-02-24'),
(1007, 205, 7900, 0, 'ml', '2023-02-23'),
(1008, 205, 2600, 0, 'ml', '2023-02-23'),
(1009, 205, 3000, 0, 'ml', '2023-02-23'),
(1010, 205, 3500, 0, 'ml', '2023-02-23'),
(1011, 205, 1500, 0, 'ml', '2023-02-23'),
(1012, 205, 3500, 0, 'ml', '2023-02-23'),
(1013, 205, 5000, 0, 'ml', '2023-02-23'),
(1014, 205, 3300, 0, 'ml', '2023-02-23'),
(1015, 205, 3000, 0, 'ml', '2023-02-23'),
(1016, 205, 3200, 0, 'ml', '2023-02-23'),
(1017, 205, 2700, 0, 'ml', '2023-02-23'),
(1018, 205, 7700, 0, 'ml', '2023-02-22'),
(1019, 205, 3200, 0, 'ml', '2023-02-22'),
(1020, 205, 6650, 0, 'ml', '2023-02-22'),
(1021, 205, 7250, 0, 'ml', '2023-02-22'),
(1022, 205, 1250, 0, 'ml', '2023-02-22'),
(1023, 205, 2150, 0, 'ml', '2023-02-22'),
(1024, 205, 3200, 0, 'ml', '2023-02-22'),
(1025, 205, 6200, 0, 'ml', '2023-02-22'),
(1026, 205, 6200, 0, 'ml', '2023-02-22'),
(1027, 205, 5450, 0, 'ml', '2023-02-22'),
(1028, 205, 6800, 0, 'ml', '2023-02-22'),
(1029, 205, 4000, 0, 'ml', '2023-02-22'),
(1030, 205, 6100, 0, 'ml', '2023-02-22'),
(1031, 205, 2750, 0, 'ml', '2023-02-22'),
(1032, 205, 7800, 0, 'ml', '2023-02-21'),
(1033, 205, 3400, 0, 'ml', '2023-02-21'),
(1034, 205, 3250, 0, 'ml', '2023-02-21'),
(1035, 205, 3500, 0, 'ml', '2023-02-21'),
(1036, 205, 1300, 0, 'ml', '2023-02-21'),
(1037, 205, 2450, 0, 'ml', '2023-02-21'),
(1038, 205, 1650, 0, 'ml', '2023-02-21'),
(1039, 205, 4250, 0, 'ml', '2023-02-21'),
(1040, 205, 6250, 0, 'ml', '2023-02-21'),
(1041, 205, 6250, 0, 'ml', '2023-02-21'),
(1042, 205, 2200, 0, 'ml', '2023-02-21'),
(1043, 205, 4400, 0, 'ml', '2023-02-21'),
(1044, 205, 2750, 0, 'ml', '2023-02-21'),
(1045, 205, 8300, 0, 'ml', '2023-02-20'),
(1046, 205, 2600, 0, 'ml', '2023-02-20'),
(1047, 205, 1200, 0, 'ml', '2023-02-20'),
(1048, 205, 2100, 0, 'ml', '2023-02-20'),
(1049, 205, 3200, 0, 'ml', '2023-02-20'),
(1050, 205, 4900, 0, 'ml', '2023-02-20'),
(1051, 205, 4500, 0, 'ml', '2023-02-18'),
(1052, 205, 9700, 0, 'ml', '2023-02-20'),
(1053, 205, 3600, 0, 'ml', '2023-02-20'),
(1054, 205, 4250, 0, 'ml', '2023-02-20'),
(1055, 205, 2800, 0, 'ml', '2023-02-20'),
(1056, 205, 2800, 0, 'ml', '2023-02-20'),
(1057, 205, 9000, 0, 'ml', '2023-02-19'),
(1058, 205, 3500, 0, 'ml', '2023-02-19'),
(1059, 205, 3500, 0, 'ml', '2023-02-19'),
(1060, 205, 1500, 0, 'ml', '2023-02-19'),
(1061, 205, 4300, 0, 'ml', '2023-02-19'),
(1062, 205, 3500, 0, 'ml', '2023-02-19'),
(1063, 205, 4000, 0, 'ml', '2023-02-19'),
(1064, 205, 7000, 0, 'ml', '2023-02-19'),
(1065, 205, 4300, 0, 'ml', '2023-02-19'),
(1066, 205, 2800, 0, 'ml', '2023-02-19'),
(1067, 205, 3300, 0, 'ml', '2023-02-19'),
(1068, 205, 3000, 0, 'ml', '2023-02-19'),
(1069, 205, 6500, 0, 'ml', '2023-02-18'),
(1070, 205, 2800, 0, 'ml', '2023-02-18'),
(1071, 205, 3500, 0, 'ml', '2023-02-18'),
(1072, 205, 3500, 0, 'ml', '2023-02-18'),
(1073, 205, 1500, 0, 'ml', '2023-02-18'),
(1074, 205, 3700, 0, 'ml', '2023-02-18'),
(1075, 205, 3800, 0, 'ml', '2023-02-18'),
(1076, 205, 2900, 0, 'ml', '2023-02-18'),
(1077, 205, 4000, 0, 'ml', '2023-02-18'),
(1078, 205, 3100, 0, 'ml', '2023-02-18'),
(1079, 205, 3000, 0, 'ml', '2023-02-18'),
(1080, 201, 100000, 0, 'g', '2024-02-21'),
(1081, 202, 4000, 0, 'ml', '2024-02-21'),
(1082, 203, 50000, 0, 'g', '2024-02-21'),
(1083, 204, 1000, 0, 'g', '2024-02-21'),
(1084, 207, 1000, 0, 'g', '2024-02-21'),
(1085, 208, 50000, 0, 'g', '2024-02-21'),
(1086, 209, 1000, 0, 'ml', '2024-02-21'),
(1087, 210, 50000, 0, 'g', '2024-02-21'),
(1088, 206, 400000, 0, 'ml', '2024-02-21'),
(1089, 205, 0, 4500, 'ml', '2024-02-21'),
(1090, 210, 0, 10500, 'g', '2024-02-21'),
(1091, 201, 0, 3000, 'g', '2024-02-21'),
(1092, 203, 0, 7725, 'g', '2024-02-21'),
(1093, 206, 0, 124275, 'g', '2024-02-21'),
(1096, 201, 0, 350, 'g', '2024-02-21'),
(1097, 202, 0, 45, 'ml', '2024-02-21'),
(1098, 203, 0, 225, 'g', '2024-02-21'),
(1099, 204, 0, 28, 'g', '2024-02-21'),
(1100, 205, 0, 2000, 'ml', '2024-02-21'),
(1101, 206, 0, 3000, 'ml', '2024-02-21'),
(1103, 201, 0, 375, 'g', '2024-02-21'),
(1104, 202, 0, 50, 'g', '2024-02-21'),
(1105, 203, 0, 250, 'g', '2024-02-21'),
(1106, 204, 0, 28, 'g', '2024-02-21'),
(1107, 205, 0, 2000, 'ml', '2024-02-21'),
(1108, 206, 0, 3000, 'ml', '2024-02-21'),
(1110, 201, 0, 350, 'g', '2024-02-21'),
(1111, 202, 0, 40, 'ml', '2024-02-21'),
(1112, 203, 0, 225, 'g', '2024-02-21'),
(1113, 204, 0, 28, 'g', '2024-02-21'),
(1114, 205, 0, 2000, 'ml', '2024-02-21'),
(1115, 206, 0, 3000, 'ml', '2024-02-21'),
(1117, 201, 0, 350, 'g', '2024-02-21'),
(1118, 202, 0, 40, 'ml', '2024-02-21'),
(1119, 203, 0, 225, 'g', '2024-02-21'),
(1120, 204, 0, 28, 'g', '2024-02-21'),
(1121, 205, 0, 2000, 'ml', '2024-02-21'),
(1122, 206, 0, 3000, 'ml', '2024-02-21'),
(1124, 205, 0, 2000, 'ml', '2024-02-21'),
(1125, 207, 0, 6, 'g', '2024-02-21'),
(1126, 208, 0, 20, 'g', '2024-02-21'),
(1127, 206, 0, 1000, 'ml', '2024-02-21'),
(1131, 205, 0, 2000, 'ml', '2024-02-21'),
(1132, 207, 0, 6, 'g', '2024-02-21'),
(1133, 208, 0, 20, 'g', '2024-02-21'),
(1134, 206, 0, 1000, 'ml', '2024-02-21'),
(1138, 205, 0, 2000, 'ml', '2024-02-21'),
(1139, 204, 0, 28, 'g', '2024-02-21'),
(1140, 201, 0, 100, 'g', '2024-02-21'),
(1141, 201, 0, 350, 'g', '2024-02-21'),
(1142, 202, 0, 40, 'ml', '2024-02-21'),
(1143, 203, 0, 225, 'g', '2024-02-21'),
(1144, 204, 0, 28, 'g', '2024-02-21'),
(1145, 205, 0, 2000, 'ml', '2024-02-21'),
(1146, 206, 0, 3000, 'ml', '2024-02-21'),
(1148, 201, 0, 350, 'g', '2024-02-21'),
(1149, 202, 0, 35, 'ml', '2024-02-21'),
(1150, 203, 0, 225, 'g', '2024-02-21'),
(1151, 204, 0, 28, 'g', '2024-02-21'),
(1152, 205, 0, 2000, 'ml', '2024-02-21'),
(1153, 206, 0, 3000, 'ml', '2024-02-21'),
(1155, 205, 0, 2000, 'ml', '2024-02-21'),
(1156, 207, 0, 6, 'g', '2024-02-21'),
(1157, 208, 0, 20, 'g', '2024-02-21'),
(1158, 206, 0, 1000, 'ml', '2024-02-21'),
(1162, 205, 0, 2000, 'ml', '2024-02-21'),
(1163, 207, 0, 6, 'g', '2024-02-21'),
(1164, 208, 0, 20, 'g', '2024-02-21'),
(1165, 206, 0, 1000, 'ml', '2024-02-21'),
(1169, 205, 0, 2000, 'ml', '2024-02-21'),
(1170, 204, 0, 28, 'g', '2024-02-21'),
(1171, 201, 0, 100, 'g', '2024-02-21'),
(1172, 205, 0, 2000, 'ml', '2024-02-21'),
(1173, 207, 0, 6, 'g', '2024-02-21'),
(1174, 208, 0, 20, 'g', '2024-02-21'),
(1175, 206, 0, 1000, 'ml', '2024-02-21'),
(1179, 201, 0, 375, 'g', '2024-02-21'),
(1180, 202, 0, 50, 'g', '2024-02-21'),
(1181, 203, 0, 250, 'g', '2024-02-21'),
(1182, 204, 0, 28, 'g', '2024-02-21'),
(1183, 205, 0, 2000, 'ml', '2024-02-21'),
(1184, 206, 0, 3000, 'ml', '2024-02-21'),
(1186, 201, 0, 350, 'g', '2024-02-21'),
(1187, 202, 0, 40, 'ml', '2024-02-21'),
(1188, 203, 0, 225, 'g', '2024-02-21'),
(1189, 204, 0, 28, 'g', '2024-02-21'),
(1190, 205, 0, 2000, 'ml', '2024-02-21'),
(1191, 206, 0, 3000, 'ml', '2024-02-21'),
(1193, 201, 0, 350, 'g', '2024-02-21'),
(1194, 202, 0, 45, 'ml', '2024-02-21'),
(1195, 203, 0, 225, 'g', '2024-02-21'),
(1196, 204, 0, 28, 'g', '2024-02-21'),
(1197, 205, 0, 2000, 'ml', '2024-02-21'),
(1198, 206, 0, 3000, 'ml', '2024-02-21'),
(1200, 205, 0, 2000, 'ml', '2024-02-21'),
(1201, 207, 0, 6, 'g', '2024-02-21'),
(1202, 208, 0, 20, 'g', '2024-02-21'),
(1203, 206, 0, 1000, 'ml', '2024-02-21'),
(1207, 201, 0, 350, 'g', '2024-02-22'),
(1208, 202, 0, 40, 'ml', '2024-02-22'),
(1209, 203, 0, 225, 'g', '2024-02-22'),
(1210, 204, 0, 28, 'g', '2024-02-22'),
(1211, 205, 0, 2000, 'ml', '2024-02-22'),
(1212, 206, 0, 3000, 'ml', '2024-02-22');

-- --------------------------------------------------------

--
-- Table structure for table `users`
--

CREATE TABLE `users` (
  `user_id` int(30) NOT NULL,
  `fname` varchar(255) NOT NULL,
  `email` varchar(255) NOT NULL,
  `password` varchar(255) NOT NULL,
  `userType` tinyint(1) NOT NULL COMMENT '1= admin \r\n2= production manager \r\n3 = sales manager\r\n4 = bookkeeper'
) ENGINE=InnoDB DEFAULT CHARSET=utf8mb4 COLLATE=utf8mb4_general_ci;

--
-- Dumping data for table `users`
--

INSERT INTO `users` (`user_id`, `fname`, `email`, `password`, `userType`) VALUES
(1, 'Admin', 'admin@gmail.com', 'admin', 1),
(5, 'superadmin', 'super@gmail.com', 'super', 5),
(6, 'Lilibeth Dumdumaya', 'lilibethdumdumaya@gmail.com', 'admin', 1),
(7, 'Renz Paul Caballero', 'renzcaballero@gmail.com', 'bookkeeper', 4),
(8, 'Erica Plamera', 'ericaplam@gmail.com', 'sales', 3),
(9, 'Dolly Cabayao', 'dollycabayao@gmail.com', 'production', 2);

--
-- Indexes for dumped tables
--

--
-- Indexes for table `bills`
--
ALTER TABLE `bills`
  ADD PRIMARY KEY (`id`);

--
-- Indexes for table `bom`
--
ALTER TABLE `bom`
  ADD PRIMARY KEY (`BOMID`),
  ADD KEY `ProductID` (`ProductID`),
  ADD KEY `RawMaterialID` (`RawMaterialID`);

--
-- Indexes for table `carabaos`
--
ALTER TABLE `carabaos`
  ADD PRIMARY KEY (`id`),
  ADD KEY `carabaos_ibfk_1` (`member_id`);

--
-- Indexes for table `customers`
--
ALTER TABLE `customers`
  ADD PRIMARY KEY (`CustomerID`);

--
-- Indexes for table `employee`
--
ALTER TABLE `employee`
  ADD PRIMARY KEY (`id`);

--
-- Indexes for table `files`
--
ALTER TABLE `files`
  ADD PRIMARY KEY (`id`),
  ADD KEY `files_ibfk_1` (`member_id`);

--
-- Indexes for table `manufacturing_mat`
--
ALTER TABLE `manufacturing_mat`
  ADD PRIMARY KEY (`id`),
  ADD KEY `order_id` (`order_id`),
  ADD KEY `RawMaterialID` (`RawMaterialID`);

--
-- Indexes for table `manufacturing_orders`
--
ALTER TABLE `manufacturing_orders`
  ADD PRIMARY KEY (`order_id`),
  ADD KEY `ProductID` (`ProductID`);

--
-- Indexes for table `member`
--
ALTER TABLE `member`
  ADD PRIMARY KEY (`id`);

--
-- Indexes for table `produced`
--
ALTER TABLE `produced`
  ADD PRIMARY KEY (`transaction_id`),
  ADD KEY `member_id` (`member_id`),
  ADD KEY `carabao_id` (`carabao_id`);

--
-- Indexes for table `productlist`
--
ALTER TABLE `productlist`
  ADD PRIMARY KEY (`ProductID`);

--
-- Indexes for table `product_stock`
--
ALTER TABLE `product_stock`
  ADD PRIMARY KEY (`TransactionID`),
  ADD KEY `ProductID` (`ProductID`);

--
-- Indexes for table `purchases`
--
ALTER TABLE `purchases`
  ADD PRIMARY KEY (`id`),
  ADD KEY `RawMaterialID` (`RawMaterialID`);

--
-- Indexes for table `rawmaterials`
--
ALTER TABLE `rawmaterials`
  ADD PRIMARY KEY (`RawMaterialID`);

--
-- Indexes for table `rawmilk`
--
ALTER TABLE `rawmilk`
  ADD PRIMARY KEY (`rawmilk_id`);

--
-- Indexes for table `sales`
--
ALTER TABLE `sales`
  ADD PRIMARY KEY (`SaleID`),
  ADD KEY `CustomerID` (`CustomerID`);

--
-- Indexes for table `salesitems`
--
ALTER TABLE `salesitems`
  ADD PRIMARY KEY (`SalesItemID`),
  ADD KEY `SaleID` (`SaleID`),
  ADD KEY `ProductID` (`ProductID`);

--
-- Indexes for table `stock`
--
ALTER TABLE `stock`
  ADD PRIMARY KEY (`StockID`),
  ADD KEY `idx_RawMaterialID` (`RawMaterialID`);

--
-- Indexes for table `users`
--
ALTER TABLE `users`
  ADD PRIMARY KEY (`user_id`);

--
-- AUTO_INCREMENT for dumped tables
--

--
-- AUTO_INCREMENT for table `bills`
--
ALTER TABLE `bills`
  MODIFY `id` int(11) NOT NULL AUTO_INCREMENT, AUTO_INCREMENT=3;

--
-- AUTO_INCREMENT for table `bom`
--
ALTER TABLE `bom`
  MODIFY `BOMID` int(11) NOT NULL AUTO_INCREMENT, AUTO_INCREMENT=89;

--
-- AUTO_INCREMENT for table `carabaos`
--
ALTER TABLE `carabaos`
  MODIFY `id` int(11) NOT NULL AUTO_INCREMENT, AUTO_INCREMENT=38;

--
-- AUTO_INCREMENT for table `customers`
--
ALTER TABLE `customers`
  MODIFY `CustomerID` int(11) NOT NULL AUTO_INCREMENT, AUTO_INCREMENT=19;

--
-- AUTO_INCREMENT for table `employee`
--
ALTER TABLE `employee`
  MODIFY `id` int(11) NOT NULL AUTO_INCREMENT, AUTO_INCREMENT=13;

--
-- AUTO_INCREMENT for table `files`
--
ALTER TABLE `files`
  MODIFY `id` int(11) NOT NULL AUTO_INCREMENT, AUTO_INCREMENT=8;

--
-- AUTO_INCREMENT for table `manufacturing_mat`
--
ALTER TABLE `manufacturing_mat`
  MODIFY `id` int(11) NOT NULL AUTO_INCREMENT, AUTO_INCREMENT=439;

--
-- AUTO_INCREMENT for table `member`
--
ALTER TABLE `member`
  MODIFY `id` int(11) NOT NULL AUTO_INCREMENT, AUTO_INCREMENT=32;

--
-- AUTO_INCREMENT for table `produced`
--
ALTER TABLE `produced`
  MODIFY `transaction_id` int(11) NOT NULL AUTO_INCREMENT, AUTO_INCREMENT=758;

--
-- AUTO_INCREMENT for table `product_stock`
--
ALTER TABLE `product_stock`
  MODIFY `TransactionID` int(11) NOT NULL AUTO_INCREMENT, AUTO_INCREMENT=133;

--
-- AUTO_INCREMENT for table `purchases`
--
ALTER TABLE `purchases`
  MODIFY `id` int(11) NOT NULL AUTO_INCREMENT, AUTO_INCREMENT=22;

--
-- AUTO_INCREMENT for table `rawmilk`
--
ALTER TABLE `rawmilk`
  MODIFY `rawmilk_id` int(11) NOT NULL AUTO_INCREMENT, AUTO_INCREMENT=16;

--
-- AUTO_INCREMENT for table `salesitems`
--
ALTER TABLE `salesitems`
  MODIFY `SalesItemID` int(11) NOT NULL AUTO_INCREMENT, AUTO_INCREMENT=107;

--
-- AUTO_INCREMENT for table `stock`
--
ALTER TABLE `stock`
  MODIFY `StockID` int(11) NOT NULL AUTO_INCREMENT, AUTO_INCREMENT=1213;

--
-- AUTO_INCREMENT for table `users`
--
ALTER TABLE `users`
  MODIFY `user_id` int(30) NOT NULL AUTO_INCREMENT, AUTO_INCREMENT=10;

--
-- Constraints for dumped tables
--

--
-- Constraints for table `bom`
--
ALTER TABLE `bom`
  ADD CONSTRAINT `bom_ibfk_1` FOREIGN KEY (`ProductID`) REFERENCES `productlist` (`ProductID`),
  ADD CONSTRAINT `bom_ibfk_2` FOREIGN KEY (`RawMaterialID`) REFERENCES `rawmaterials` (`RawMaterialID`);

--
-- Constraints for table `carabaos`
--
ALTER TABLE `carabaos`
  ADD CONSTRAINT `carabaos_ibfk_1` FOREIGN KEY (`member_id`) REFERENCES `member` (`id`) ON DELETE CASCADE ON UPDATE CASCADE;

--
-- Constraints for table `files`
--
ALTER TABLE `files`
  ADD CONSTRAINT `files_ibfk_1` FOREIGN KEY (`member_id`) REFERENCES `member` (`id`) ON DELETE CASCADE;

--
-- Constraints for table `manufacturing_mat`
--
ALTER TABLE `manufacturing_mat`
  ADD CONSTRAINT `manufacturing_mat_ibfk_1` FOREIGN KEY (`order_id`) REFERENCES `manufacturing_orders` (`order_id`),
  ADD CONSTRAINT `manufacturing_mat_ibfk_2` FOREIGN KEY (`RawMaterialID`) REFERENCES `rawmaterials` (`RawMaterialID`);

--
-- Constraints for table `manufacturing_orders`
--
ALTER TABLE `manufacturing_orders`
  ADD CONSTRAINT `manufacturing_orders_ibfk_1` FOREIGN KEY (`ProductID`) REFERENCES `productlist` (`ProductID`);

--
-- Constraints for table `produced`
--
ALTER TABLE `produced`
  ADD CONSTRAINT `produced_ibfk_1` FOREIGN KEY (`member_id`) REFERENCES `member` (`id`),
  ADD CONSTRAINT `produced_ibfk_2` FOREIGN KEY (`carabao_id`) REFERENCES `carabaos` (`id`);

--
-- Constraints for table `product_stock`
--
ALTER TABLE `product_stock`
  ADD CONSTRAINT `product_stock_ibfk_1` FOREIGN KEY (`ProductID`) REFERENCES `productlist` (`ProductID`);

--
-- Constraints for table `purchases`
--
ALTER TABLE `purchases`
  ADD CONSTRAINT `purchases_ibfk_1` FOREIGN KEY (`RawMaterialID`) REFERENCES `rawmaterials` (`RawMaterialID`);

--
-- Constraints for table `sales`
--
ALTER TABLE `sales`
  ADD CONSTRAINT `sales_ibfk_1` FOREIGN KEY (`CustomerID`) REFERENCES `customers` (`CustomerID`);

--
-- Constraints for table `salesitems`
--
ALTER TABLE `salesitems`
  ADD CONSTRAINT `salesitems_ibfk_1` FOREIGN KEY (`SaleID`) REFERENCES `sales` (`SaleID`),
  ADD CONSTRAINT `salesitems_ibfk_2` FOREIGN KEY (`ProductID`) REFERENCES `productlist` (`ProductID`);

--
-- Constraints for table `stock`
--
ALTER TABLE `stock`
  ADD CONSTRAINT `stock_ibfk_1` FOREIGN KEY (`RawMaterialID`) REFERENCES `rawmaterials` (`RawMaterialID`);
COMMIT;

/*!40101 SET CHARACTER_SET_CLIENT=@OLD_CHARACTER_SET_CLIENT */;
/*!40101 SET CHARACTER_SET_RESULTS=@OLD_CHARACTER_SET_RESULTS */;
/*!40101 SET COLLATION_CONNECTION=@OLD_COLLATION_CONNECTION */;
